Depth,GR,MUD_VOLUME,TVD,Boundary_flag,Unit_index,GR_shape_code,Lithofacies_major,Lithofacies_mean,Sharp_boundary,Stacking_pattern,Biostratigraphy,Reliability,Special_lithology,Core_depofacies,Number_of_similar_units_50,Index_of_similar_units_50,Number_of_similar_units_100,Index_of_similar_units_100,Unit_Thick,Alluvial_Fan,Fluvial_Channel,Fluvial_Point_Bar,Levee,Crevasse_Splay,Fluvial_Floodplain,Progradational_Lacustrine_Delta,Lacustrine_Fan_Delta,Progradational_Lacustrine_Shoreface,Transgressive_Lacustrine_Shoreface,Aggradational_Lacustrine_Shoreface,Lacustrine_Offshore_Transition,Lacustrine_Shelf,Proximal_Sub-Lacustrine_Fan,Distal_Sub-Lacustrine_Fan,Lacustrine_Turbidite,Distal_Lacustrine_Turbidites,Lacustrine_Deepwater,Marine_Delta,Marine_Fan_Delta,Tidal_Channel_and_Sand_Flat,Sandy_Tidal_Flat,Mixed_Tidal_Flat,Muddy_Tidal_Flat,Lagoon,Progradational_Marine_Shoreface,Transgressive_Marine_Shoreface,Aggradational_Marine_Shoreface,Marine_Offshore_Transition,Marine_Shelf,Proximal_Submarine_Fan,Distal_Submarine_Fan,Marine_Turbidite,Distal_Marine_Turbidites,Marine_Deepwater
1652.7487,71.4957,0.0847,1652.7487,0,0,2,1,1,0,1,6,1,-999,-999.0,0,[],0,[],1.0492999999996755,0,3,0,4,5,0,0,0,0,0,2,0,0,0,0,4,0,0,0,0,5,0,0,0,0,0,0,4,0,0,0,0,5,0,0
1653.9479,66.7965,0.0439,1653.9479,0,1,4,1,1,0,1,6,1,-999,-999.0,0,[],0,[],2.9980000000002747,3,0,0,0,0,0,5,4,4,0,0,0,0,0,0,0,0,0,5,4,0,0,0,0,0,4,0,0,0,0,0,0,0,0,0
1656.9459,89.0773,0.2867,1656.9459,0,2,1,1,2,0,1,6,1,-999,-999.0,0,[],0,[],1.3490999999999076,0,3,3,4,5,0,0,0,0,3,0,0,0,0,0,4,0,0,0,0,5,0,0,0,0,0,3,0,0,0,0,0,5,0,0
1658.295,65.9554,0.0371,1658.295,0,3,2,1,1,0,1,6,1,-999,-999.0,1,[4],0,[],2.248500000000149,0,3,0,4,3,0,0,0,0,0,2,0,0,0,0,3,0,0,0,0,4,0,0,0,0,0,0,4,0,0,0,0,4,0,0
1660.5435,66.8885,0.0446,1660.5435,0,4,2,1,1,0,1,6,1,-999,-999.0,1,[3],0,[],1.4989999999997963,0,3,0,4,5,0,0,0,0,0,2,0,0,0,0,4,0,0,0,0,5,0,0,0,0,0,0,4,0,0,0,0,5,0,0
1662.0425,71.7441,0.087,1662.0425,0,5,1,1,1,0,2,6,1,-999,-999.0,0,[],0,[],1.7988000000000284,0,3,3,4,5,0,0,0,0,3,0,0,0,0,0,4,0,0,0,0,5,0,0,0,0,0,3,0,0,0,0,0,5,0,0
1663.8413,63.0497,0.0147,1663.8413,0,6,4,1,2,0,2,6,1,-999,-999.0,0,[],0,[],2.6982000000000426,3,0,0,0,0,0,5,4,4,0,0,0,0,0,0,0,0,0,5,4,0,0,0,0,0,4,0,0,0,0,0,0,0,0,0
1666.5395,112.6973,0.7787,1666.5396,0,7,1,3,3,0,2,6,1,-999,-999.0,1,[19],0,[],1.7988000000000284,0,0,0,0,0,5,0,0,0,0,0,0,5,0,4,0,0,0,0,0,0,0,5,0,4,0,0,0,0,5,0,5,0,0,0
1668.3383,90.8364,0.3657,1668.3383,0,8,2,3,3,0,1,6,1,-999,-999.0,0,[],0,[],1.0492999999999029,0,0,0,0,0,5,0,0,0,0,0,0,5,0,4,0,0,0,0,0,0,0,5,0,4,0,0,0,0,5,0,5,0,0,0
1669.3876,96.5586,0.4521,1669.3876,0,9,2,2,2,0,1,6,1,-999,-999.0,0,[],0,[],1.349100000000135,0,0,0,5,0,0,0,0,0,0,0,0,0,0,0,4,0,0,0,0,0,5,0,0,0,0,0,0,0,0,0,0,5,0,0
1670.7367,88.3248,0.3311,1670.7367,0,10,4,3,3,0,1,6,1,-999,-999.0,0,[],0,[],1.948699999999917,0,0,0,0,0,5,0,0,0,0,0,0,5,0,4,0,0,0,0,0,0,0,0,0,4,0,0,0,0,5,0,5,0,0,0
1672.6854,97.1478,0.4617,1672.6854,0,11,2,3,3,0,1,6,1,-999,-999.0,0,[],0,[],1.6489000000001397,0,0,0,0,0,5,0,0,0,0,0,0,5,0,4,0,0,0,0,0,0,0,5,0,4,0,0,0,0,5,0,5,0,0,0
1674.3343,100.0697,0.5113,1674.3344,0,12,1,3,2,0,3,6,1,-999,-999.0,0,[],0,[],3.5976000000000568,0,0,0,0,0,5,0,0,0,0,0,0,5,0,4,0,0,0,0,0,0,0,5,0,4,0,0,0,0,5,0,5,0,0,0
1677.9319,84.6039,0.2833,1677.9319,0,13,2,2,2,0,3,6,1,-999,-999.0,1,[22],0,[],1.0492999999999029,0,0,0,5,0,0,0,0,0,0,0,0,0,0,0,4,0,0,0,0,0,5,0,0,0,0,0,0,0,0,0,0,5,0,0
1678.9812,88.7064,0.3362,1678.9812,0,14,2,2,2,0,2,6,1,-999,-999.0,1,[17],0,[],2.5482999999999265,0,0,0,5,0,0,0,0,0,0,0,0,0,0,0,3,0,0,0,0,0,4,0,0,0,0,0,0,0,0,0,0,5,0,0
1681.5295,88.7712,0.3249,1681.5295,0,15,4,3,3,0,2,6,1,-999,-999.0,2,"[18, 26]",0,[],1.4989000000000487,0,0,0,0,0,5,0,0,0,0,0,0,5,0,4,0,0,0,0,0,0,0,0,0,4,0,0,0,0,5,0,5,0,0,0
1683.0285,105.5447,0.5567,1683.0284,0,16,1,2,2,0,2,6,1,-999,-999.0,0,[],0,[],1.3491999999998825,0,3,3,5,0,0,0,0,0,3,0,0,0,0,0,4,0,0,0,0,0,5,0,0,0,0,3,0,0,0,0,0,5,0,0
1684.3776,88.4733,0.3081,1684.3776,0,17,2,2,2,0,2,6,1,-999,-999.0,2,"[22, 14]",0,[],1.7988000000000284,0,0,0,5,0,0,0,0,0,0,0,0,0,0,0,4,0,0,0,0,0,5,0,0,0,0,0,0,0,0,0,0,5,0,0
1686.1764,89.5225,0.4034,1686.1764,0,18,4,3,3,0,2,6,1,-999,-999.0,2,"[26, 15]",0,[],1.349100000000135,0,0,0,0,0,5,0,0,0,0,0,0,5,0,4,0,0,0,0,0,0,0,0,0,4,0,0,0,0,5,0,5,0,0,0
1687.5255,106.6027,0.7151,1687.5255,0,19,1,3,3,0,2,6,1,-999,-999.0,1,[7],0,[],1.0492999999999029,0,0,0,0,0,5,0,0,0,0,0,0,5,0,4,0,0,0,0,0,0,0,5,0,4,0,0,0,0,5,0,5,0,0,0
1688.5748,94.9242,0.4982,1688.5748,0,20,4,3,3,0,2,6,1,-999,-999.0,0,[],0,[],3.297800000000052,0,0,0,0,0,5,0,0,0,0,0,0,5,0,4,0,0,0,0,0,0,0,0,0,4,0,0,0,0,5,0,5,0,0,0
1691.8726,124.0416,0.7704,1691.8726,0,21,1,3,3,0,3,6,1,-999,-999.0,0,[],0,[],4.497000000000071,0,0,0,0,0,5,0,0,0,0,0,0,5,0,4,0,0,0,0,0,0,0,5,0,4,0,0,0,0,5,0,5,0,0,0
1696.3696,88.0032,0.252,1696.3696,0,22,2,2,2,0,3,6,1,-999,-999.0,2,"[13, 17]",0,[],1.3490999999999076,0,0,0,5,0,0,0,0,0,0,0,0,0,0,0,4,0,0,0,0,0,5,0,0,0,0,0,0,0,0,0,0,5,0,0
1697.7187,93.3747,0.3086,1697.7188,0,23,1,2,2,0,3,6,1,-999,-999.0,1,[25],0,[],1.948699999999917,0,3,3,5,0,0,0,0,0,3,0,0,0,0,0,4,0,0,0,0,0,5,0,0,0,0,3,0,0,0,0,0,5,0,0
1699.6674,81.4178,0.2562,1699.6674,0,24,4,2,2,0,1,6,1,-999,-999.0,0,[],0,[],1.199200000000019,0,0,0,0,0,0,0,0,3,0,0,0,0,0,0,0,0,0,0,0,0,0,0,0,0,4,0,0,0,0,0,0,0,0,0
1700.8666,98.2485,0.4593,1700.8666,0,25,1,2,2,0,1,6,1,-999,-999.0,1,[23],0,[],1.349100000000135,0,3,3,5,0,0,0,0,0,3,0,0,0,0,0,4,0,0,0,0,0,5,0,0,0,0,3,0,0,0,0,0,5,0,0
1702.2157,87.4194,0.3766,1702.2157,0,26,4,3,3,0,1,6,1,-999,-999.0,2,"[15, 18]",0,[],1.199200000000019,0,0,0,0,0,5,0,0,0,0,0,0,5,0,4,0,0,0,0,0,0,0,0,0,4,0,0,0,0,5,0,5,0,0,0
1703.4149,99.9985,0.5544,1703.4149,0,27,1,1,2,0,3,6,1,-999,-999.0,0,[],0,[],6.595599999999877,0,6,6,3,0,0,0,0,0,6,0,0,0,0,0,0,0,0,0,0,0,0,0,0,0,0,6,0,0,0,0,0,4,0,0
1710.0105,57.4904,0.035,1710.0105,0,28,4,2,2,0,2,6,1,-999,-999.0,0,[],0,[],3.4476999999999407,0,0,0,0,0,0,0,0,4,0,0,0,0,0,0,0,0,0,0,0,0,0,0,0,0,5,0,0,0,0,0,0,0,0,0
1713.4582,121.2751,0.8516,1713.4583,0,29,5,4,4,0,2,6,1,-999,-999.0,1,[34],0,[],2.548300000000154,0,0,0,0,0,5,0,0,0,0,0,0,5,0,0,0,0,5,0,0,0,0,0,4,4,0,0,0,0,5,0,0,0,0,5
1716.0065,130.8574,0.8488,1716.0065,0,30,5,4,4,0,1,6,1,-999,-999.0,1,[39],0,[],2.098600000000033,0,0,0,0,0,5,0,0,0,0,0,0,5,0,0,0,0,5,0,0,0,0,0,4,4,0,0,0,0,5,0,0,0,0,5
1718.1051,125.2817,0.8332,1718.1051,0,31,5,4,4,0,1,6,1,-999,-999.0,0,[],0,[],1.6488999999999123,0,0,0,0,0,5,0,0,0,0,0,0,5,0,0,0,0,5,0,0,0,0,0,4,4,0,0,0,0,5,0,0,0,0,5
1719.754,116.2568,0.7292,1719.754,0,32,5,4,4,0,1,6,1,-999,-999.0,0,[],0,[],2.398300000000063,0,0,0,0,0,5,0,0,0,0,0,0,5,0,0,0,0,5,0,0,0,0,0,4,4,0,0,0,0,5,0,0,0,0,5
1722.1524,119.4193,0.7693,1722.1523,0,33,5,4,4,0,1,6,1,-999,-999.0,0,[],0,[],1.1992999999999938,0,0,0,0,0,5,0,0,0,0,0,0,5,0,0,0,0,5,0,0,0,0,0,4,4,0,0,0,0,5,0,0,0,0,5
1723.3516,130.2991,0.8155,1723.3516,0,34,5,4,4,0,3,6,1,-999,-999.0,2,"[46, 29]",0,[],1.6488999999999123,0,0,0,0,0,5,0,0,0,0,0,0,5,0,0,0,0,5,0,0,0,0,0,4,4,0,0,0,0,5,0,0,0,0,5
1725.0005,132.6139,0.6975,1725.0005,0,35,5,4,3,0,3,6,1,-999,-999.0,0,[],0,[],2.5482999999999265,0,0,0,0,0,5,0,0,0,0,0,0,5,0,0,0,0,5,0,0,0,0,0,4,4,0,0,0,0,5,0,0,0,0,5
1727.5488,70.2192,0.0757,1727.5488,0,36,4,3,3,0,3,6,1,-999,-999.0,0,[],0,[],1.7989000000000033,0,0,0,0,0,5,0,0,0,0,0,0,5,0,4,0,0,0,0,0,0,0,0,0,4,0,0,0,0,5,0,5,0,0,0
1729.3476,127.2336,0.509,1729.3477,0,37,1,2,2,0,3,6,1,-999,-999.0,0,[],0,[],2.098500000000058,0,3,3,5,0,0,0,0,0,3,0,0,0,0,0,3,0,0,0,0,0,4,0,0,0,0,3,0,0,0,0,0,5,0,0
1731.4462,35.8759,0.0228,1731.4462,0,38,4,1,2,0,2,6,1,-999,5.1,0,[],0,[],6.445600000000013,4,0,0,0,0,0,6,5,6,0,0,0,0,0,0,0,0,0,6,5,0,0,0,0,0,6,0,0,0,0,0,0,0,0,0
1737.8919,131.1611,0.6604,1737.8918,0,39,5,4,4,0,2,6,1,-999,-999.0,1,[30],0,[],1.9488000000001193,0,0,0,0,0,5,0,0,0,0,0,0,5,0,0,0,0,5,0,0,0,0,0,4,4,0,0,0,0,5,0,0,0,0,5
1739.8406,119.3208,0.8266,1739.8406,0,40,5,4,4,0,3,6,1,-999,-999.0,0,[],0,[],2.99799999999982,0,0,0,0,0,5,0,0,0,0,0,0,5,0,0,0,0,5,0,0,0,0,0,4,4,0,0,0,0,5,0,0,0,0,5
1742.8386,97.198,0.3941,1742.8386,0,41,5,4,4,0,2,6,1,-999,-999.0,0,[],0,[],1.4990000000000236,0,0,0,0,0,5,0,0,0,0,0,0,5,0,0,0,0,5,0,0,0,0,0,4,4,0,0,0,0,5,0,0,0,0,5
1744.3376,140.3002,0.8603,1744.3376,0,42,5,4,4,0,2,6,1,-999,-999.0,0,[],0,[],2.6982000000000426,0,0,0,0,0,5,0,0,0,0,0,0,5,0,0,0,0,5,0,0,0,0,0,4,4,0,0,0,0,5,0,0,0,0,5
1747.0358,118.036,0.5584,1747.0358,0,43,5,4,4,0,2,6,1,-999,-999.0,0,[],0,[],2.248499999999922,0,0,0,0,0,5,0,0,0,0,0,0,5,0,0,0,0,5,0,0,0,0,0,4,4,0,0,0,0,5,0,0,0,0,5
1749.2843,134.0816,0.9393,1749.2843,0,44,5,4,4,0,2,6,1,-999,-999.0,1,[46],0,[],1.349100000000135,0,0,0,0,0,5,0,0,0,0,0,0,5,0,0,0,0,5,0,0,0,0,0,4,4,0,0,0,0,5,0,0,0,0,5
1750.6334,142.6242,0.8939,1750.6334,0,45,5,4,4,0,3,6,1,-999,-999.0,0,[],0,[],1.4990000000000236,0,0,0,0,0,5,0,0,0,0,0,0,5,0,0,0,0,5,0,0,0,0,0,4,4,0,0,0,0,5,0,0,0,0,5
1752.1324,128.0728,0.9264,1752.1324,0,46,5,4,4,0,3,6,1,-999,-999.0,3,"[47, 34, 44]",0,[],1.1990999999998166,0,0,0,0,0,5,0,0,0,0,0,0,5,0,0,0,0,5,0,0,0,0,0,4,4,0,0,0,0,5,0,0,0,0,5
1753.3316,134.888,0.9401,1753.3315,0,47,5,4,4,0,3,6,1,-999,-999.0,1,[46],0,[],1.4990999999999985,0,0,0,0,0,5,0,0,0,0,0,0,5,0,0,0,0,5,0,0,0,0,0,4,4,0,0,0,0,5,0,0,0,0,5
1754.8306,136.3601,0.8647,1754.8306,0,48,1,2,2,0,3,6,1,-999,-999.0,0,[],0,[],3.747500000000173,0,6,6,4,0,0,0,0,0,6,0,0,0,0,0,3,0,0,0,0,0,4,0,0,0,0,6,0,0,0,0,0,4,0,0
1758.5781,57.2117,0.0707,1758.5781,0,49,5,4,3,0,2,6,1,-999,-999.0,0,[],0,[],3.7474999999999454,0,0,0,0,0,5,0,0,0,0,0,0,5,0,0,0,0,5,0,0,0,0,0,4,4,0,0,0,0,5,0,0,0,0,5
1762.3256,127.5976,0.8805,1762.3256,0,50,5,4,4,0,2,6,1,-999,-999.0,0,[],0,[],2.098600000000033,0,0,0,0,0,5,0,0,0,0,0,0,5,0,0,0,0,5,0,0,0,0,0,4,4,0,0,0,0,5,0,0,0,0,5
1764.4242,99.8279,0.4289,1764.4242,0,51,4,3,3,0,2,6,1,-999,-999.0,0,[],0,[],2.5482999999999265,0,0,0,0,0,5,0,0,0,0,0,0,5,0,4,0,0,0,0,0,0,0,0,0,4,0,0,0,0,5,0,5,0,0,0
1766.9725,142.7698,0.6623,1766.9725,0,52,4,3,3,0,2,6,1,-999,-999.0,0,[],0,[],1.6490000000001146,0,0,0,0,0,5,0,0,0,0,0,0,5,0,4,0,0,0,0,0,0,0,0,0,4,0,0,0,0,5,0,5,0,0,0
1768.6214,146.8674,0.7312,1768.6215,0,53,5,4,4,0,2,6,1,-999,-999.0,0,[],0,[],2.8479999999999563,0,0,0,0,0,5,0,0,0,0,0,0,5,0,0,0,0,5,0,0,0,0,0,4,4,0,0,0,0,5,0,0,0,0,5
1771.4695,163.5182,0.8238,1771.4695,0,54,1,3,3,0,3,6,1,-999,-999.0,0,[],0,[],3.297800000000052,0,0,0,0,0,5,0,0,0,0,0,0,5,0,4,0,0,0,0,0,0,0,5,0,4,0,0,0,0,5,0,5,0,0,0
1774.7673,138.607,0.6246,1774.7673,0,55,5,4,3,0,3,6,1,-999,-999.0,0,[],0,[],3.5975999999998294,0,0,0,0,0,5,0,0,0,0,0,0,5,0,0,0,0,5,0,0,0,0,0,4,4,0,0,0,0,5,0,0,0,0,5
1778.3649,72.1918,0.2263,1778.3649,0,56,4,3,3,0,2,6,1,-999,-999.0,0,[],0,[],3.5976000000000568,0,0,0,0,0,5,0,0,0,0,0,0,5,0,4,0,0,0,0,0,0,0,0,0,4,0,0,0,0,5,0,5,0,0,0
1781.9625,134.5019,0.6996,1781.9625,0,57,1,3,3,0,2,6,1,-999,-999.0,0,[],0,[],1.9488000000001193,0,0,0,0,0,5,0,0,0,0,0,0,5,0,4,0,0,0,0,0,0,0,5,0,4,0,0,0,0,5,0,5,0,0,0
1783.9112,111.791,0.5922,1783.9113,0,58,4,3,3,0,2,6,1,-999,-999.0,0,[],0,[],1.049099999999953,0,0,0,0,0,5,0,0,0,0,0,0,5,0,4,0,0,0,0,0,0,0,0,0,4,0,0,0,0,5,0,5,0,0,0
1784.9605,129.6971,0.7365,1784.9604,0,59,5,4,4,0,2,6,1,-999,-999.0,0,[],0,[],1.6489999999998872,0,0,0,0,0,5,0,0,0,0,0,0,5,0,0,0,0,5,0,0,0,0,0,4,4,0,0,0,0,5,0,0,0,0,5
1786.6094,111.4471,0.743,1786.6094,0,60,5,4,4,0,3,6,1,-999,-999.0,0,[],0,[],1.7988000000000284,0,0,0,0,0,5,0,0,0,0,0,0,5,0,0,0,0,5,0,0,0,0,0,4,4,0,0,0,0,5,0,0,0,0,5
1788.4082,141.6143,0.8394,1788.4082,0,61,1,2,3,0,3,6,1,-999,-999.0,0,[],0,[],2.098600000000033,0,3,3,5,0,0,0,0,0,3,0,0,0,0,0,3,0,0,0,0,0,4,0,0,0,0,3,0,0,0,0,0,5,0,0
1790.5068,93.9009,0.3827,1790.5068,0,62,4,3,3,0,3,3,1,-999,-999.0,0,[],0,[],1.7987000000000535,0,0,0,0,0,5,0,0,0,0,0,0,5,0,4,0,0,0,0,0,0,0,0,0,4,0,0,0,0,5,0,5,0,0,0
1792.3056,129.9105,0.6011,1792.3055,0,63,1,3,3,0,3,3,1,-999,-999.0,0,[],0,[],2.5483999999999014,0,0,0,0,0,5,0,0,0,0,0,0,5,0,4,0,0,0,0,0,0,0,5,0,4,0,0,0,0,5,0,5,0,0,0
1794.8539,78.1616,0.2223,1794.8539,0,64,4,2,2,0,3,3,1,-999,-999.0,0,[],0,[],1.349100000000135,0,0,0,0,0,0,0,0,3,0,0,0,0,0,0,0,0,0,0,0,0,0,0,0,0,4,0,0,0,0,0,0,0,0,0
1796.203,85.685,0.2598,1796.203,0,65,4,3,3,0,2,3,1,-999,-999.0,0,[],0,[],2.5482999999999265,0,0,0,0,0,5,0,0,0,0,0,0,5,0,4,0,0,0,0,0,0,0,0,0,4,0,0,0,0,5,0,5,0,0,0
1798.7513,89.4677,0.29,1798.7513,0,66,4,3,3,0,1,3,1,-999,-999.0,0,[],0,[],3.147899999999936,0,0,0,0,0,5,0,0,0,0,0,0,5,0,4,0,0,0,0,0,0,0,0,0,4,0,0,0,0,5,0,5,0,0,0
1801.8992,98.1607,0.4,1801.8992,0,67,4,3,3,0,3,3,1,-999,-999.0,0,[],0,[],2.8481000000001586,0,0,0,0,0,5,0,0,0,0,0,0,5,0,4,0,0,0,0,0,0,0,0,0,4,0,0,0,0,5,0,5,0,0,0
1804.7473,121.7799,0.9137,1804.7473,0,68,5,4,4,0,3,3,1,-999,-999.0,0,[],0,[],2.098600000000033,0,0,0,0,0,5,0,0,0,0,0,0,5,0,0,0,0,5,0,0,0,0,0,4,4,0,0,0,0,5,0,0,0,0,5
1806.8459,79.2754,0.5131,1806.8459,0,69,2,3,3,0,3,3,1,-999,-999.0,0,[],0,[],1.1990999999998166,0,0,0,0,0,5,0,0,0,0,0,0,5,0,4,0,0,0,0,0,0,0,5,0,4,0,0,0,0,5,0,5,0,0,0
1808.0451,78.8578,0.6184,1808.045,0,70,2,3,3,0,3,3,1,-999,-999.0,0,[],0,[],1.6490000000001146,0,0,0,0,0,5,0,0,0,0,0,0,5,0,4,0,0,0,0,0,0,0,5,0,4,0,0,0,0,5,0,5,0,0,0
1809.694,84.7566,0.6499,1809.694,0,71,1,3,3,0,3,3,1,-999,-999.0,0,[],0,[],2.8480999999999312,0,0,0,0,0,5,0,0,0,0,0,0,5,0,4,0,0,0,0,0,0,0,5,0,4,0,0,0,0,5,0,5,0,0,0
1812.5421,53.4141,0.4598,1812.5421,0,72,4,3,3,0,3,3,1,-999,-999.0,0,[],0,[],1.6488999999999123,0,0,0,0,0,5,0,0,0,0,0,0,5,0,4,0,0,0,0,0,0,0,0,0,4,0,0,0,0,5,0,5,0,0,0
1814.191,72.3039,0.5448,1814.191,0,73,1,3,3,0,3,3,1,-999,-999.0,0,[],0,[],1.1992999999999938,0,0,0,0,0,5,0,0,0,0,0,0,5,0,4,0,0,0,0,0,0,0,5,0,4,0,0,0,0,5,0,5,0,0,0
1815.3902,55.3168,0.3853,1815.3903,0,74,2,2,2,0,3,3,1,-999,-999.0,0,[],0,[],1.199100000000044,0,0,0,5,0,0,0,0,0,0,0,0,0,0,0,4,0,0,0,0,0,5,0,0,0,0,0,0,0,0,0,0,5,0,0
1816.5894,58.7724,0.3912,1816.5894,0,75,1,3,3,0,1,3,1,-999,-999.0,0,[],0,[],1.6489000000001397,0,0,0,0,0,5,0,0,0,0,0,0,5,0,4,0,0,0,0,0,0,0,5,0,4,0,0,0,0,5,0,5,0,0,0
1818.2383,61.0334,0.5864,1818.2383,0,76,2,3,3,0,1,3,1,-999,-999.0,0,[],0,[],2.098600000000033,0,0,0,0,0,5,0,0,0,0,0,0,5,0,4,0,0,0,0,0,0,0,5,0,4,0,0,0,0,5,0,5,0,0,0
1820.3369,67.9579,0.5033,1820.3369,0,77,1,3,3,0,2,3,1,-999,-999.0,1,[78],0,[],1.948699999999917,0,0,0,0,0,5,0,0,0,0,0,0,5,0,4,0,0,0,0,0,0,0,5,0,4,0,0,0,0,5,0,5,0,0,0
1822.2856,65.3705,0.522,1822.2856,0,78,1,3,3,0,2,3,1,-999,-999.0,1,[77],0,[],2.248499999999922,0,0,0,0,0,5,0,0,0,0,0,0,5,0,4,0,0,0,0,0,0,0,5,0,4,0,0,0,0,5,0,5,0,0,0
1824.5341,54.2646,0.3995,1824.5341,0,79,4,3,3,0,2,3,1,-999,-999.0,0,[],0,[],3.147899999999936,0,0,0,0,0,5,0,0,0,0,0,0,5,0,4,0,0,0,0,0,0,0,0,0,4,0,0,0,0,5,0,5,0,0,0
1827.682,81.8893,0.7871,1827.682,0,80,1,3,3,0,3,3,1,-999,-999.0,0,[],0,[],2.998100000000022,0,0,0,0,0,5,0,0,0,0,0,0,5,0,4,0,0,0,0,0,0,0,5,0,4,0,0,0,0,5,0,5,0,0,0
1830.68,46.9609,0.2518,1830.6801,0,81,2,2,2,0,3,3,1,-999,-999.0,0,[],0,[],1.34900000000016,0,0,0,5,0,0,0,0,0,0,0,0,0,0,0,4,0,0,0,0,0,5,0,0,0,0,0,0,0,0,0,0,5,0,0
1832.0291,45.2775,0.3179,1832.0291,0,82,4,2,3,0,2,3,1,-999,-999.0,0,[],0,[],3.4476999999999407,0,0,0,0,0,0,0,0,4,0,0,0,0,0,0,0,0,0,0,0,0,0,0,0,0,5,0,0,0,0,0,0,0,0,0
1835.4768,77.5799,0.3962,1835.4768,0,83,4,2,3,0,3,3,1,-999,-999.0,0,[],0,[],1.0492999999999029,0,0,0,0,0,0,0,0,3,0,0,0,0,0,0,0,0,0,0,0,0,0,0,0,0,4,0,0,0,0,0,0,0,0,0
1836.5261,90.6352,0.6689,1836.5261,0,84,1,2,2,0,3,3,1,-999,-999.0,0,[],0,[],1.349100000000135,0,3,3,5,0,0,0,0,0,3,0,0,0,0,0,4,0,0,0,0,0,5,0,0,0,0,3,0,0,0,0,0,5,0,0
1837.8752,73.5971,0.4207,1837.8752,0,85,1,2,2,0,3,3,1,-999,-999.0,0,[],0,[],1.0493999999998778,0,3,3,5,0,0,0,0,0,3,0,0,0,0,0,4,0,0,0,0,0,5,0,0,0,0,3,0,0,0,0,0,5,0,0
1838.9245,56.9614,0.4392,1838.9246,0,86,4,3,3,0,1,3,1,-999,-999.0,0,[],0,[],3.8973000000000866,0,0,0,0,0,5,0,0,0,0,0,0,5,0,4,0,0,0,0,0,0,0,0,0,4,0,0,0,0,5,0,5,0,0,0
1842.8219,65.7611,0.5556,1842.8219,0,87,4,3,3,0,3,3,1,-999,-999.0,0,[],0,[],1.7988000000000284,0,0,0,0,0,5,0,0,0,0,0,0,5,0,4,0,0,0,0,0,0,0,0,0,4,0,0,0,0,5,0,5,0,0,0
1844.6207,62.2473,0.3328,1844.6207,0,88,4,2,3,0,3,3,1,-999,-999.0,1,[98],0,[],1.948799999999892,0,0,0,0,0,0,0,0,3,0,0,0,0,0,0,0,0,0,0,0,0,0,0,0,0,4,0,0,0,0,0,0,0,0,0
1846.5694,76.0497,0.6808,1846.5695,0,89,1,3,3,0,3,3,1,-999,-999.0,0,[],0,[],1.4989000000000487,0,0,0,0,0,5,0,0,0,0,0,0,5,0,4,0,0,0,0,0,0,0,5,0,4,0,0,0,0,5,0,5,0,0,0
1848.0684,49.2486,0.3319,1848.0684,0,90,4,2,2,0,2,3,1,-999,-999.0,0,[],0,[],2.098600000000033,0,0,0,0,0,0,0,0,3,0,0,0,0,0,0,0,0,0,0,0,0,0,0,0,0,4,0,0,0,0,0,0,0,0,0
1850.1670000000001,55.2554,0.381,1850.1670000000001,0,91,4,2,3,0,2,3,1,-999,-999.0,0,[],0,[],1.6489000000001397,0,0,0,0,0,0,0,0,3,0,0,0,0,0,0,0,0,0,0,0,0,0,0,0,0,4,0,0,0,0,0,0,0,0,0
1851.8159,81.6763,0.6043,1851.8159,0,92,1,3,3,0,2,3,1,-999,-999.0,0,[],0,[],1.798799999999801,0,0,0,0,0,5,0,0,0,0,0,0,5,0,4,0,0,0,0,0,0,0,5,0,4,0,0,0,0,5,0,5,0,0,0
1853.6147,57.5256,0.3111,1853.6147,0,93,4,3,3,0,3,3,1,-999,-999.0,0,[],0,[],1.3489999999999327,0,0,0,0,0,5,0,0,0,0,0,0,5,0,4,0,0,0,0,0,0,0,0,0,4,0,0,0,0,5,0,5,0,0,0
1854.9638,81.9408,0.5989,1854.9637,0,94,1,2,2,0,3,3,1,-999,-999.0,0,[],0,[],2.098700000000008,0,3,3,5,0,0,0,0,0,3,0,0,0,0,0,3,0,0,0,0,0,4,0,0,0,0,3,0,0,0,0,0,5,0,0
1857.0624,65.3839,0.2939,1857.0624,0,95,4,3,3,0,1,3,1,-999,-999.0,0,[],0,[],3.1479000000001633,0,0,0,0,0,5,0,0,0,0,0,0,5,0,4,0,0,0,0,0,0,0,0,0,4,0,0,0,0,5,0,5,0,0,0
1860.2103,80.5594,0.5962,1860.2103,0,96,1,2,2,0,3,3,1,-999,-999.0,0,[],0,[],2.098700000000008,0,3,3,5,0,0,0,0,0,3,0,0,0,0,0,3,0,0,0,0,0,4,0,0,0,0,3,0,0,0,0,0,5,0,0
1862.3089,55.95,0.1348,1862.309,0,97,2,2,2,0,3,3,1,-999,-999.0,1,[118],0,[],1.1990999999998166,0,0,0,5,0,0,0,0,0,0,0,0,0,0,0,4,0,0,0,0,0,5,0,0,0,0,0,0,0,0,0,0,5,0,0
1863.5081,55.2459,0.2124,1863.5081,0,98,4,2,2,0,2,3,1,-999,-999.0,1,[88],0,[],1.4990000000000236,0,0,0,0,0,0,0,0,3,0,0,0,0,0,0,0,0,0,0,0,0,0,0,0,0,4,0,0,0,0,0,0,0,0,0
1865.0071,68.9655,0.3077,1865.0071,0,99,1,2,2,0,2,3,1,-999,-999.0,0,[],0,[],1.349100000000135,0,3,3,5,0,0,0,0,0,3,0,0,0,0,0,4,0,0,0,0,0,5,0,0,0,0,3,0,0,0,0,0,5,0,0
1866.3562,57.8664,0.2465,1866.3562,0,100,2,2,2,0,2,3,1,-999,-999.0,1,[105],0,[],1.948699999999917,0,0,0,5,0,0,0,0,0,0,0,0,0,0,0,4,0,0,0,0,0,5,0,0,0,0,0,0,0,0,0,0,5,0,0
1868.3049,57.5058,0.2364,1868.3049,0,101,4,3,3,0,2,3,1,-999,-999.0,0,[],0,[],4.64689999999996,0,0,0,0,0,5,0,0,0,0,0,0,5,0,4,0,0,0,0,0,0,0,0,0,4,0,0,0,0,5,0,5,0,0,0
1872.9518,103.8078,0.8167,1872.9518,0,102,1,3,3,0,3,3,1,-999,-999.0,0,[],0,[],4.347099999999955,0,0,0,0,0,5,0,0,0,0,0,0,5,0,4,0,0,0,0,0,0,0,5,0,4,0,0,0,0,5,0,5,0,0,0
1877.2989,53.0685,0.2167,1877.299,0,103,4,2,2,0,3,3,2,-999,-999.0,0,[],0,[],1.0492000000001553,0,0,0,0,0,0,0,0,3,0,0,0,0,0,0,0,0,0,0,0,0,0,0,0,0,4,0,0,0,0,0,0,0,0,0
1878.3482,68.0162,0.3624,1878.3481,0,104,2,2,2,0,3,3,2,-999,-999.0,1,[106],0,[],1.4990999999999985,0,0,0,5,0,0,0,0,0,0,0,0,0,0,0,4,0,0,0,0,0,5,0,0,0,0,0,0,0,0,0,0,5,0,0
1879.8472,65.7031,0.3685,1879.8472,0,105,2,2,2,0,3,3,2,-999,-999.0,2,"[118, 100]",0,[],1.199200000000019,0,0,0,5,0,0,0,0,0,0,0,0,0,0,0,4,0,0,0,0,0,5,0,0,0,0,0,0,0,0,0,0,5,0,0
1881.0464,59.6152,0.3267,1881.0464,0,106,2,2,2,0,3,3,2,-999,-999.0,1,[104],0,[],1.7988000000000284,0,0,0,5,0,0,0,0,0,0,0,0,0,0,0,4,0,0,0,0,0,5,0,0,0,0,0,0,0,0,0,0,5,0,0
1882.8452,64.8026,0.3902,1882.8452,0,107,2,2,2,0,3,3,2,-999,-999.0,0,[],0,[],5.995999999999867,0,0,0,4,0,0,0,0,0,0,0,0,0,0,0,0,0,0,0,0,0,0,0,0,0,0,0,0,0,0,0,0,4,0,0
1888.8412,61.6015,0.3824,1888.8412,0,108,1,2,2,0,3,3,2,-999,-999.0,0,[],0,[],1.9487000000001444,0,3,3,5,0,0,0,0,0,3,0,0,0,0,0,4,0,0,0,0,0,5,0,0,0,0,3,0,0,0,0,0,5,0,0
1890.7899,43.8974,0.3242,1890.7899,0,109,4,2,2,0,3,3,2,-999,-999.0,1,[111],0,[],2.248499999999922,0,0,0,0,0,0,0,0,3,0,0,0,0,0,0,0,0,0,0,0,0,0,0,0,0,4,0,0,0,0,0,0,0,0,0
1893.0384,57.4689,0.3712,1893.0385,0,110,1,2,2,0,3,3,2,-999,-999.0,1,[112],0,[],2.5482999999999265,0,3,3,5,0,0,0,0,0,3,0,0,0,0,0,3,0,0,0,0,0,4,0,0,0,0,3,0,0,0,0,0,5,0,0
1895.5867,40.7418,0.21100000000000002,1895.5867,0,111,4,2,2,0,3,3,2,-999,-999.0,2,"[113, 109]",0,[],1.7988000000000284,0,0,0,0,0,0,0,0,3,0,0,0,0,0,0,0,0,0,0,0,0,0,0,0,0,4,0,0,0,0,0,0,0,0,0
1897.3855,53.9054,0.3732,1897.3855,0,112,1,2,2,0,3,3,2,-999,-999.0,1,[110],0,[],1.6488999999999123,0,3,3,5,0,0,0,0,0,3,0,0,0,0,0,4,0,0,0,0,0,5,0,0,0,0,3,0,0,0,0,0,5,0,0
1899.0344,39.7884,0.1763,1899.0344,0,113,4,2,2,0,2,3,2,-999,-999.0,1,[111],0,[],1.9488000000001193,0,0,0,0,0,0,0,0,3,0,0,0,0,0,0,0,0,0,0,0,0,0,0,0,0,4,0,0,0,0,0,0,0,0,0
1900.9831,50.6472,0.297,1900.9832,0,114,2,2,2,0,2,3,2,-999,-999.0,3,"[116, 131, 132]",0,[],1.4989000000000487,0,0,0,5,0,0,0,0,0,0,0,0,0,0,0,4,0,0,0,0,0,5,0,0,0,0,0,0,0,0,0,0,5,0,0
1902.4821,47.6378,0.3408,1902.4821,0,115,2,2,2,0,2,3,2,-999,-999.0,0,[],0,[],1.0492999999999029,0,0,0,5,0,0,0,0,0,0,0,0,0,0,0,4,0,0,0,0,0,5,0,0,0,0,0,0,0,0,0,0,5,0,0
1903.5314,56.7851,0.3979,1903.5314,0,116,2,2,2,0,2,3,2,-999,-999.0,2,"[131, 114]",0,[],1.7988000000000284,0,0,0,5,0,0,0,0,0,0,0,0,0,0,0,4,0,0,0,0,0,5,0,0,0,0,0,0,0,0,0,0,5,0,0
1905.3302,49.5006,0.3669,1905.3302,0,117,4,2,2,0,2,3,2,2,-999.0,0,[],0,[],3.7475999999999203,0,0,0,0,0,0,0,0,4,0,0,0,0,0,0,0,0,0,0,0,0,0,0,0,0,5,0,0,0,0,0,0,0,0,0
1909.0777,61.2141,0.3206,1909.0778,0,118,2,2,2,0,2,3,2,2,-999.0,2,"[97, 105]",0,[],1.1991000000002714,0,0,0,5,0,0,0,0,0,0,0,0,0,0,0,4,0,0,0,0,0,5,0,0,0,0,0,0,0,0,0,0,5,0,0
1910.2769,54.983999999999995,0.3153,1910.2769,0,119,4,3,2,0,2,3,2,2,-999.0,1,[141],0,[],3.4476999999997133,0,0,0,0,0,5,0,0,0,0,0,0,5,0,4,0,0,0,0,0,0,0,0,0,4,0,0,0,0,5,0,5,0,0,0
1913.7246,74.1972,0.5031,1913.7246,0,120,1,3,3,0,2,3,2,2,-999.0,1,[128],0,[],2.098600000000033,0,0,0,0,0,5,0,0,0,0,0,0,5,0,4,0,0,0,0,0,0,0,5,0,4,0,0,0,0,5,0,5,0,0,0
1915.8232,65.8664,0.4033,1915.8232,0,121,2,3,3,0,2,3,2,2,-999.0,7,"[122, 124, 125, 126, 127, 138, 142]",0,[],2.248500000000149,0,0,0,0,0,5,0,0,0,0,0,0,5,0,4,0,0,0,0,0,0,0,5,0,4,0,0,0,0,5,0,5,0,0,0
1918.0717,68.8236,0.4211,1918.0717,0,122,2,3,3,0,2,3,2,2,-999.0,5,"[123, 124, 125, 142, 121]",0,[],1.4990000000000236,0,0,0,0,0,5,0,0,0,0,0,0,5,0,4,0,0,0,0,0,0,0,5,0,4,0,0,0,0,5,0,5,0,0,0
1919.5707,68.6269,0.4349,1919.5707,0,123,2,3,3,0,2,3,2,2,-999.0,3,"[124, 125, 122]",0,[],1.3490999999999076,0,0,0,0,0,5,0,0,0,0,0,0,5,0,4,0,0,0,0,0,0,0,5,0,4,0,0,0,0,5,0,5,0,0,0
1920.9198,67.7062,0.4162,1920.9198,0,124,2,3,3,0,2,3,2,2,-999.0,3,"[121, 122, 123]",0,[],1.199200000000019,0,0,0,0,0,5,0,0,0,0,0,0,5,0,4,0,0,0,0,0,0,0,5,0,4,0,0,0,0,5,0,5,0,0,0
1922.119,69.9014,0.4443,1922.119,0,125,2,3,3,0,2,3,2,2,-999.0,5,"[127, 142, 121, 122, 123]",0,[],1.7988000000000284,0,0,0,0,0,5,0,0,0,0,0,0,5,0,4,0,0,0,0,0,0,0,5,0,4,0,0,0,0,5,0,5,0,0,0
1923.9178,69.367,0.3996,1923.9178,0,126,2,3,3,0,2,3,2,2,-999.0,1,[121],0,[],1.3489999999999327,0,0,0,0,0,5,0,0,0,0,0,0,5,0,4,0,0,0,0,0,0,0,5,0,4,0,0,0,0,5,0,5,0,0,0
1925.2669,75.4776,0.4751,1925.2668,0,127,2,3,3,0,1,3,2,2,-999.0,2,"[121, 125]",0,[],2.5483999999999014,0,0,0,0,0,5,0,0,0,0,0,0,5,0,4,0,0,0,0,0,0,0,5,0,4,0,0,0,0,5,0,5,0,0,0
1927.8152,71.965,0.4958,1927.8152,0,128,1,3,3,0,1,3,2,2,-999.0,1,[120],0,[],1.9487000000001444,0,0,0,0,0,5,0,0,0,0,0,0,5,0,4,0,0,0,0,0,0,0,5,0,4,0,0,0,0,5,0,5,0,0,0
1929.7639,64.9137,0.4782,1929.7639,0,129,4,3,3,0,1,3,2,-999,-999.0,0,[],0,[],1.3490999999999076,0,0,0,0,0,5,0,0,0,0,0,0,5,0,4,0,0,0,0,0,0,0,0,0,4,0,0,0,0,5,0,5,0,0,0
1931.1129999999998,88.6398,0.8109,1931.1129999999998,0,130,1,2,3,0,3,3,2,-999,-999.0,0,[],0,[],3.747500000000173,0,6,6,4,0,0,0,0,0,6,0,0,0,0,0,3,0,0,0,0,0,4,0,0,0,0,6,0,0,0,0,0,4,0,0
1934.8605,48.896,0.3333,1934.8605,0,131,2,2,2,0,3,3,2,-999,-999.0,3,"[132, 114, 116]",0,[],1.948699999999917,0,0,0,5,0,0,0,0,0,0,0,0,0,0,0,4,0,0,0,0,0,5,0,0,0,0,0,0,0,0,0,0,5,0,0
1936.8092,50.8579,0.3623,1936.8092,0,132,2,2,2,0,2,3,2,-999,-999.0,2,"[114, 131]",0,[],2.098600000000033,0,0,0,5,0,0,0,0,0,0,0,0,0,0,0,3,0,0,0,0,0,4,0,0,0,0,0,0,0,0,0,0,5,0,0
1938.9078,52.7719,0.3454,1938.9078,0,133,4,2,2,0,2,3,2,2,-999.0,0,[],0,[],4.197199999999839,0,0,0,0,0,0,0,0,4,0,0,0,0,0,0,0,0,0,0,0,0,0,0,0,0,5,0,0,0,0,0,0,0,0,0
1943.105,69.5843,0.4549,1943.105,0,134,2,3,3,0,2,3,2,2,-999.0,3,"[138, 139, 142]",0,[],2.398400000000038,0,0,0,0,0,5,0,0,0,0,0,0,5,0,4,0,0,0,0,0,0,0,5,0,4,0,0,0,0,5,0,5,0,0,0
1945.5034,62.5201,0.3355,1945.5034,0,135,2,2,2,0,1,3,2,2,-999.0,1,[137],0,[],2.098600000000033,0,0,0,5,0,0,0,0,0,0,0,0,0,0,0,3,0,0,0,0,0,4,0,0,0,0,0,0,0,0,0,0,5,0,0
1947.602,63.1354,0.3748,1947.6021,0,136,2,2,2,0,1,3,2,2,-999.0,0,[],0,[],1.049199999999928,0,0,0,5,0,0,0,0,0,0,0,0,0,0,0,4,0,0,0,0,0,5,0,0,0,0,0,0,0,0,0,0,5,0,0
1948.6513,69.3711,0.4097,1948.6512,0,137,2,2,2,0,1,3,2,2,-999.0,1,[135],0,[],1.6490000000001146,0,0,0,5,0,0,0,0,0,0,0,0,0,0,0,4,0,0,0,0,0,5,0,0,0,0,0,0,0,0,0,0,5,0,0
1950.3002,66.2746,0.3813,1950.3002,0,138,2,3,2,0,1,3,2,2,-999.0,5,"[139, 140, 142, 121, 134]",0,[],2.248499999999922,0,0,0,0,0,5,0,0,0,0,0,0,5,0,4,0,0,0,0,0,0,0,5,0,4,0,0,0,0,5,0,5,0,0,0
1952.5487,63.2998,0.374,1952.5487,0,139,2,3,3,0,1,3,2,2,-999.0,4,"[140, 142, 134, 138]",0,[],2.398400000000038,0,0,0,0,0,5,0,0,0,0,0,0,5,0,4,0,0,0,0,0,0,0,5,0,4,0,0,0,0,5,0,5,0,0,0
1954.9471,60.8955,0.4372,1954.9471,0,140,2,3,3,0,1,3,2,2,-999.0,3,"[142, 138, 139]",0,[],1.7987000000000535,0,0,0,0,0,5,0,0,0,0,0,0,5,0,4,0,0,0,0,0,0,0,5,0,4,0,0,0,0,5,0,5,0,0,0
1956.7459,57.3818,0.3784,1956.7458,0,141,4,3,3,0,2,3,2,2,-999.0,1,[119],0,[],2.998100000000022,0,0,0,0,0,5,0,0,0,0,0,0,5,0,4,0,0,0,0,0,0,0,0,0,4,0,0,0,0,5,0,5,0,0,0
1959.7439,68.9959,0.5294,1959.7439,0,142,2,3,3,0,2,3,2,2,-999.0,7,"[121, 122, 125, 134, 138, 139, 140]",0,[],1.948699999999917,0,0,0,0,0,5,0,0,0,0,0,0,5,0,4,0,0,0,0,0,0,0,5,0,4,0,0,0,0,5,0,5,0,0,0
1961.6926,65.0588,0.6003,1961.6926,0,143,5,4,4,0,2,3,2,2,-999.0,0,[],0,[],2.248600000000124,0,0,0,0,0,5,0,0,0,0,0,0,5,0,0,0,0,5,0,0,0,0,0,4,4,0,0,0,0,5,0,0,0,0,5
1963.9411,89.5184,1.0,1963.941,0,144,1,3,4,0,3,3,2,2,-999.0,0,[],0,[],2.6980999999998403,0,0,0,0,0,5,0,0,0,0,0,0,5,0,4,0,0,0,0,0,0,0,5,0,4,0,0,0,0,5,0,5,0,0,0
1966.6393,60.328,0.6358,1966.6393,0,145,4,3,3,0,2,3,2,2,-999.0,0,[],0,[],4.497100000000046,0,0,0,0,0,5,0,0,0,0,0,0,5,0,4,0,0,0,0,0,0,0,0,0,4,0,0,0,0,5,0,5,0,0,0
1971.1363,77.6096,0.6345,1971.1364,0,146,2,3,3,0,2,3,2,2,-999.0,0,[],0,[],3.8973000000000866,0,0,0,0,0,5,0,0,0,0,0,0,5,0,4,0,0,0,0,0,0,0,5,0,4,0,0,0,0,5,0,5,0,0,0
1975.0337,73.9201,0.5529,1975.0337,0,147,4,3,3,0,2,3,2,-999,-999.0,0,[],0,[],3.2977999999998246,0,0,0,0,0,5,0,0,0,0,0,0,5,0,4,0,0,0,0,0,0,0,0,0,4,0,0,0,0,5,0,5,0,0,0
1978.3315,93.3365,0.7828,1978.3315,0,148,5,4,4,0,2,3,2,-999,-999.0,0,[],0,[],1.9486000000001695,0,0,0,0,0,5,0,0,0,0,0,0,5,0,0,0,0,5,0,0,0,0,0,4,4,0,0,0,0,5,0,0,0,0,5
1980.2802,84.2863,0.8287,1980.2802,0,149,5,4,4,0,2,3,2,-999,-999.0,0,[],0,[],4.047399999999925,0,0,0,0,0,5,0,0,0,0,0,0,5,0,0,0,0,5,0,0,0,0,0,4,4,0,0,0,0,5,0,0,0,0,5
1984.3275,137.8955,0.7303,1984.3275,0,150,5,4,4,0,3,3,2,-999,-999.0,0,[],0,[],1.6488999999999123,0,0,0,0,0,5,0,0,0,0,0,0,5,0,0,0,0,5,0,0,0,0,0,4,4,0,0,0,0,5,0,0,0,0,5
1985.9764,102.4887,0.6513,1985.9764,0,151,5,4,4,0,3,3,2,-999,-999.0,1,[153],0,[],1.7987000000000535,0,0,0,0,0,5,0,0,0,0,0,0,5,0,0,0,0,5,0,0,0,0,0,4,4,0,0,0,0,5,0,0,0,0,5
1987.7752,125.5649,0.7107,1987.7751,0,152,1,3,3,0,3,3,2,-999,-999.0,0,[],0,[],1.948799999999892,0,0,0,0,0,5,0,0,0,0,0,0,5,0,4,0,0,0,0,0,0,0,5,0,4,0,0,0,0,5,0,5,0,0,0
1989.7239,100.522,0.7238,1989.7239,0,153,5,4,4,0,3,3,2,-999,-999.0,1,[151],0,[],1.9487000000001444,0,0,0,0,0,5,0,0,0,0,0,0,5,0,0,0,0,5,0,0,0,0,0,4,4,0,0,0,0,5,0,0,0,0,5
1991.6726,125.0152,0.877,1991.6726,0,154,5,4,3,0,3,3,2,-999,-999.0,0,[],0,[],3.297900000000027,0,0,0,0,0,5,0,0,0,0,0,0,5,0,0,0,0,5,0,0,0,0,0,4,4,0,0,0,0,5,0,0,0,0,5
1994.9704,66.5295,0.1173,1994.9705,0,155,4,2,2,0,3,3,2,-999,-999.0,0,[],0,[],1.049199999999928,0,0,0,0,0,0,0,0,3,0,0,0,0,0,0,0,0,0,0,0,0,0,0,0,0,4,0,0,0,0,0,0,0,0,0
1996.0197,76.7463,0.2177,1996.0197,0,156,1,2,2,0,3,3,2,-999,-999.0,0,[],0,[],1.4990000000000236,0,3,3,5,0,0,0,0,0,3,0,0,0,0,0,4,0,0,0,0,0,5,0,0,0,0,3,0,0,0,0,0,5,0,0
1997.5187,67.8339,0.2097,1997.5187,0,157,4,2,2,0,1,3,2,-999,-999.0,1,[158],0,[],1.7988000000000284,0,0,0,0,0,0,0,0,3,0,0,0,0,0,0,0,0,0,0,0,0,0,0,0,0,4,0,0,0,0,0,0,0,0,0
1999.3175,74.9138,0.3346,1999.3175,0,158,4,2,2,0,1,3,2,-999,-999.0,1,[157],0,[],2.5482999999999265,0,0,0,0,0,0,0,0,3,0,0,0,0,0,0,0,0,0,0,0,0,0,0,0,0,4,0,0,0,0,0,0,0,0,0
2001.8658,84.2209,0.4776,2001.8658,0,159,1,2,2,0,2,3,2,-999,-999.0,0,[],0,[],1.34900000000016,0,3,3,5,0,0,0,0,0,3,0,0,0,0,0,4,0,0,0,0,0,5,0,0,0,0,3,0,0,0,0,0,5,0,0
2003.2149,63.2054,0.1965,2003.2148,0,160,4,3,3,0,2,3,2,-999,-999.0,0,[],0,[],3.7475999999999203,0,0,0,0,0,5,0,0,0,0,0,0,5,0,4,0,0,0,0,0,0,0,0,0,4,0,0,0,0,5,0,5,0,0,0
2006.9624,101.7897,0.5963,2006.9624,0,161,1,2,2,0,3,3,2,-999,-999.0,0,[],0,[],2.398400000000038,0,3,3,5,0,0,0,0,0,3,0,0,0,0,0,3,0,0,0,0,0,4,0,0,0,0,3,0,0,0,0,0,5,0,0
2009.3608,60.6411,0.1606,2009.3608,0,162,4,2,2,0,3,3,2,-999,-999.0,0,[],0,[],1.0493999999998778,0,0,0,0,0,0,0,0,3,0,0,0,0,0,0,0,0,0,0,0,0,0,0,0,0,4,0,0,0,0,0,0,0,0,0
2010.4101,67.8612,0.2495,2010.4102,0,163,1,2,2,0,2,3,2,-999,-999.0,0,[],0,[],1.199100000000044,0,3,3,5,0,0,0,0,0,3,0,0,0,0,0,4,0,0,0,0,0,5,0,0,0,0,3,0,0,0,0,0,5,0,0
2011.6093,59.2967,0.1737,2011.6093,0,164,4,3,3,0,2,3,2,-999,-999.0,0,[],0,[],2.398400000000038,0,0,0,0,0,5,0,0,0,0,0,0,5,0,4,0,0,0,0,0,0,0,0,0,4,0,0,0,0,5,0,5,0,0,0
2014.0077,79.7243,0.6146,2014.0077,0,165,1,3,3,0,2,3,2,-999,-999.0,0,[],0,[],1.6488999999999123,0,0,0,0,0,5,0,0,0,0,0,0,5,0,4,0,0,0,0,0,0,0,5,0,4,0,0,0,0,5,0,5,0,0,0
2015.6566,70.7053,0.4559,2015.6566,0,166,4,3,3,0,3,3,2,-999,-999.0,1,[178],0,[],1.199200000000019,0,0,0,0,0,5,0,0,0,0,0,0,5,0,4,0,0,0,0,0,0,0,0,0,4,0,0,0,0,5,0,5,0,0,0
2016.8558,81.1746,0.4078,2016.8558,0,167,1,2,2,0,3,3,2,-999,-999.0,0,[],0,[],2.9980000000000473,0,3,3,5,0,0,0,0,0,3,0,0,0,0,0,3,0,0,0,0,0,4,0,0,0,0,3,0,0,0,0,0,5,0,0
2019.8538,50.1442,0.067,2019.8538,0,168,4,2,2,0,2,3,2,-999,-999.0,0,[],0,[],2.098600000000033,0,0,0,0,0,0,0,0,3,0,0,0,0,0,0,0,0,0,0,0,0,0,0,0,0,4,0,0,0,0,0,0,0,0,0
2021.9524,91.6691,0.5341,2021.9524,0,169,1,2,2,0,3,3,2,-999,-999.0,1,[186],0,[],4.047399999999925,0,6,6,4,0,0,0,0,0,6,0,0,0,0,0,2,0,0,0,0,0,3,0,0,0,0,6,0,0,0,0,0,4,0,0
2025.9997,71.2648,0.228,2025.9998,0,170,1,2,2,0,3,3,2,-999,-999.0,0,[],0,[],1.34900000000016,0,3,3,5,0,0,0,0,0,3,0,0,0,0,0,4,0,0,0,0,0,5,0,0,0,0,3,0,0,0,0,0,5,0,0
2027.3488,53.5379,0.1298,2027.3488,0,171,4,2,2,0,2,3,2,-999,-999.0,0,[],0,[],1.948699999999917,0,0,0,0,0,0,0,0,3,0,0,0,0,0,0,0,0,0,0,0,0,0,0,0,0,4,0,0,0,0,0,0,0,0,0
2029.2975,84.3788,0.6335,2029.2975,0,172,1,2,2,0,2,3,2,-999,-999.0,0,[],0,[],2.8480999999999312,0,3,3,5,0,0,0,0,0,3,0,0,0,0,0,3,0,0,0,0,0,4,0,0,0,0,3,0,0,0,0,0,5,0,0
2032.1456,79.3157,0.3911,2032.1456,0,173,1,3,3,0,3,3,2,-999,-999.0,0,[],0,[],1.199200000000019,0,0,0,0,0,5,0,0,0,0,0,0,5,0,4,0,0,0,0,0,0,0,5,0,4,0,0,0,0,5,0,5,0,0,0
2033.3448,78.9006,0.4219,2033.3448,0,174,1,1,2,0,3,3,2,-999,-999.0,0,[],0,[],3.147899999999936,0,6,6,3,3,0,0,0,0,6,0,0,0,0,0,3,0,0,0,0,4,0,0,0,0,0,6,0,0,0,0,0,4,0,0
2036.4927,51.383,0.1178,2036.4927,0,175,4,2,2,0,2,3,2,-999,-999.0,0,[],0,[],1.7988000000000284,0,0,0,0,0,0,0,0,3,0,0,0,0,0,0,0,0,0,0,0,0,0,0,0,0,4,0,0,0,0,0,0,0,0,0
2038.2915,110.7086,0.6586,2038.2915,0,176,1,3,3,0,3,3,2,-999,-999.0,0,[],0,[],3.5977000000000317,0,0,0,0,0,5,0,0,0,0,0,0,5,0,4,0,0,0,0,0,0,0,5,0,4,0,0,0,0,5,0,5,0,0,0
2041.8891,53.1842,0.0763,2041.8892,0,177,4,2,2,0,1,3,2,-999,-999.0,0,[],0,[],1.4989000000000487,0,0,0,0,0,0,0,0,3,0,0,0,0,0,0,0,0,0,0,0,0,0,0,0,0,4,0,0,0,0,0,0,0,0,0
2043.3881,79.1983,0.4097,2043.3881,0,178,4,3,3,0,1,3,2,-999,-999.0,1,[166],0,[],1.199200000000019,0,0,0,0,0,5,0,0,0,0,0,0,5,0,4,0,0,0,0,0,0,0,0,0,4,0,0,0,0,5,0,5,0,0,0
2044.5873,87.7224,0.486,2044.5873,0,179,1,2,2,0,1,3,2,-999,-999.0,0,[],0,[],2.248499999999922,0,3,3,5,0,0,0,0,0,3,0,0,0,0,0,3,0,0,0,0,0,4,0,0,0,0,3,0,0,0,0,0,5,0,0
2046.8358,60.9127,0.1231,2046.8358,0,180,4,2,3,0,2,3,2,-999,-999.0,0,[],0,[],3.747400000000198,0,0,0,0,0,0,0,0,4,0,0,0,0,0,0,0,0,0,0,0,0,0,0,0,0,5,0,0,0,0,0,0,0,0,0
2050.5833,108.7149,0.9568,2050.5833,0,181,5,4,3,0,3,3,2,-999,-999.0,0,[],0,[],4.6469999999999345,0,0,0,0,0,5,0,0,0,0,0,0,5,0,0,0,0,5,0,0,0,0,0,4,4,0,0,0,0,5,0,0,0,0,5
2055.2302,51.6099,0.0779,2055.2302,0,182,4,2,2,0,2,3,2,-999,-999.0,0,[],0,[],5.096700000000055,0,0,0,0,0,0,0,0,4,0,0,0,0,3,0,0,0,0,0,0,0,0,0,0,0,5,0,0,0,0,4,0,0,0,0
2060.3268,72.3259,0.4223,2060.3269,0,183,4,3,3,0,3,3,2,-999,-999.0,0,[],0,[],2.5480999999999767,0,0,0,0,0,5,0,0,0,0,0,0,5,0,4,0,0,0,0,0,0,0,0,0,4,0,0,0,0,5,0,5,0,0,0
2062.8751,85.5637,0.5224,2062.875,0,184,1,2,2,0,3,3,2,-999,-999.0,0,[],0,[],1.0492999999996755,0,3,3,5,0,0,0,0,0,3,0,0,0,0,0,4,0,0,0,0,0,5,0,0,0,0,3,0,0,0,0,0,5,0,0
2063.9244,54.7855,0.153,2063.9243,0,185,4,2,2,0,3,3,2,-999,-999.0,0,[],0,[],1.0493000000001302,0,0,0,0,0,0,0,0,3,0,0,0,0,0,0,0,0,0,0,0,0,0,0,0,0,4,0,0,0,0,0,0,0,0,0
2064.9737,94.3612,0.6344,2064.9736,0,186,1,2,2,0,3,3,2,-999,-999.0,1,[169],0,[],4.1973000000002685,0,6,6,4,0,0,0,0,0,6,0,0,0,0,0,2,0,0,0,0,0,3,0,0,0,0,6,0,0,0,0,0,4,0,0
2069.1709,57.9359,0.109,2069.1709,0,187,2,2,2,0,2,3,2,-999,-999.0,0,[],0,[],1.0492999999996755,0,0,0,5,0,0,0,0,0,0,0,0,0,0,0,4,0,0,0,0,0,5,0,0,0,0,0,0,0,0,0,0,5,0,0
2070.2202,62.6279,0.1759,2070.2202,0,188,4,2,2,0,2,3,2,-999,-999.0,0,[],0,[],2.6983000000000175,0,0,0,0,0,0,0,0,3,0,0,0,0,0,0,0,0,0,0,0,0,0,0,0,0,4,0,0,0,0,0,0,0,0,0
2072.9184,87.1772,0.5637,2072.9185,0,189,1,2,2,0,2,3,2,-999,-999.0,0,[],0,[],1.3490999999999076,0,3,3,5,0,0,0,0,0,3,0,0,0,0,0,4,0,0,0,0,0,5,0,0,0,0,3,0,0,0,0,0,5,0,0
2074.2675,64.6812,0.4385,2074.2676,0,190,5,4,4,0,3,3,2,-999,-999.0,0,[],0,[],1.0493000000001302,0,0,0,0,0,5,0,0,0,0,0,0,5,0,0,0,0,5,0,0,0,0,0,4,4,0,0,0,0,5,0,0,0,0,5
2075.3168,116.6032,0.8543,2075.3169,0,191,1,1,2,0,3,3,2,-999,-999.0,0,[],0,[],1.6489000000001397,0,3,3,4,5,0,0,0,0,3,0,0,0,0,0,4,0,0,0,0,5,0,0,0,0,0,3,0,0,0,0,0,5,0,0
2076.9657,54.2399,0.064,2076.9658,0,192,4,2,2,0,3,3,2,-999,-999.0,0,[],0,[],2.9978000000000975,0,0,0,0,0,0,0,0,3,0,0,0,0,0,0,0,0,0,0,0,0,0,0,0,0,4,0,0,0,0,0,0,0,0,0
2079.9637,88.0816,0.3375,2079.9636,0,193,1,2,2,0,3,3,2,-999,-999.0,0,[],0,[],3.8975000000000364,0,6,6,4,0,0,0,0,0,6,0,0,0,0,0,3,0,0,0,0,0,4,0,0,0,0,6,0,0,0,0,0,4,0,0
2083.8611,58.6304,0.1204,2083.8611,0,194,2,2,2,0,2,3,2,-999,-999.0,0,[],0,[],1.948699999999917,0,0,0,5,0,0,0,0,0,0,0,0,0,0,0,4,0,0,0,0,0,5,0,0,0,0,0,0,0,0,0,0,5,0,0
2085.8098,65.1282,0.1866,2085.8098,0,195,2,2,2,0,2,3,2,-999,-999.0,0,[],0,[],1.7988000000000284,0,0,0,5,0,0,0,0,0,0,0,0,0,0,0,4,0,0,0,0,0,5,0,0,0,0,0,0,0,0,0,0,5,0,0
2087.6086,83.88,0.4377,2087.6086,0,196,1,2,2,0,3,3,2,-999,-999.0,0,[],0,[],3.5976999999998043,0,6,6,4,0,0,0,0,0,6,0,0,0,0,0,3,0,0,0,0,0,4,0,0,0,0,6,0,0,0,0,0,4,0,0
2091.2062,50.5744,0.0415,2091.2063,0,197,2,1,1,0,3,3,2,-999,-999.0,2,"[199, 200]",0,[],1.199200000000019,0,3,0,4,5,0,0,0,0,0,2,0,0,0,0,4,0,0,0,0,5,0,0,0,0,0,0,4,0,0,0,0,5,0,0
2092.4054,51.691,0.057,2092.4055,0,198,2,1,1,0,3,3,2,-999,-999.0,1,[199],0,[],2.098399999999856,0,3,0,4,3,0,0,0,0,0,2,0,0,0,0,3,0,0,0,0,4,0,0,0,0,0,0,4,0,0,0,0,4,0,0
2094.504,51.9258,0.0897,2094.5039,0,199,2,1,1,0,2,3,2,-999,-999.0,2,"[197, 198]",0,[],1.499000000000251,0,3,0,4,5,0,0,0,0,0,2,0,0,0,0,4,0,0,0,0,5,0,0,0,0,0,0,4,0,0,0,0,5,0,0
2096.0029999999997,53.3182,0.0771,2096.0029,0,200,2,1,1,0,2,3,2,-999,-999.0,1,[197],0,[],1.6489999999998872,0,3,0,4,5,0,0,0,0,0,2,0,0,0,0,4,0,0,0,0,5,0,0,0,0,0,0,4,0,0,0,0,5,0,0
2097.6519,50.0617,0.1189,2097.6519,0,201,4,3,3,0,2,3,2,-999,-999.0,0,[],0,[],1.7988000000000284,0,0,0,0,0,5,0,0,0,0,0,0,5,0,4,0,0,0,0,0,0,0,0,0,4,0,0,0,0,5,0,5,0,0,0
2099.4507,89.0328,0.5617,2099.4507,0,202,4,3,3,0,2,3,2,-999,-999.0,0,[],0,[],1.4989999999997963,0,0,0,0,0,5,0,0,0,0,0,0,5,0,4,0,0,0,0,0,0,0,0,0,4,0,0,0,0,5,0,5,0,0,0
2100.9497,104.3719,0.8427,2100.9497,0,203,1,3,3,0,3,3,2,-999,-999.0,0,[],0,[],1.7988000000000284,0,0,0,0,0,5,0,0,0,0,0,0,5,0,4,0,0,0,0,0,0,0,5,0,4,0,0,0,0,5,0,5,0,0,0
2102.7485,99.3394,0.6345,2102.7485,0,204,1,2,2,0,3,3,2,-999,-999.0,0,[],0,[],4.647000000000389,0,6,6,4,0,0,0,0,0,6,0,0,0,0,0,2,0,0,0,0,0,3,0,0,0,0,6,0,0,0,0,0,4,0,0
2107.3954,52.6822,0.0736,2107.3955,0,205,4,1,2,0,2,3,2,-999,-999.0,0,[],0,[],2.5480999999999767,3,0,0,0,0,0,5,4,4,0,0,0,0,0,0,0,0,0,5,4,0,0,0,0,0,4,0,0,0,0,0,0,0,0,0
2109.9437,98.5174,0.953,2109.9436,0,206,1,1,3,0,3,3,2,-999,-999.0,0,[],0,[],2.698199999999815,0,3,3,4,3,0,0,0,0,3,0,0,0,0,0,3,0,0,0,0,4,0,0,0,0,0,3,0,0,0,0,0,5,0,0
2112.6419,46.7153,0.04,2112.6418,0,207,4,2,2,0,2,3,2,-999,-999.0,0,[],0,[],4.497100000000046,0,0,0,0,0,0,0,0,4,0,0,0,0,0,0,0,0,0,0,0,0,0,0,0,0,5,0,0,0,0,0,0,0,0,0
2117.1389,98.7102,0.9435,2117.1389,0,208,5,4,3,0,2,3,2,-999,-999.0,0,[],0,[],1.6489000000001397,0,0,0,0,0,5,0,0,0,0,0,0,5,0,0,0,0,5,0,0,0,0,0,4,4,0,0,0,0,5,0,0,0,0,5
2118.7878,59.8688,0.2169,2118.7878,0,209,5,4,3,0,2,3,2,-999,-999.0,0,[],0,[],2.848199999999906,0,0,0,0,0,5,0,0,0,0,0,0,5,0,0,0,0,5,0,0,0,0,0,4,4,0,0,0,0,5,0,0,0,0,5
2121.6359,95.9288,0.8557,2121.636,0,210,1,3,3,0,2,3,2,-999,-999.0,0,[],0,[],1.3490999999999076,0,0,0,0,0,5,0,0,0,0,0,0,5,0,4,0,0,0,0,0,0,0,5,0,4,0,0,0,0,5,0,5,0,0,0
2122.985,73.7429,0.2307,2122.9851,0,211,5,4,4,0,2,3,2,-999,-999.0,0,[],0,[],3.147699999999986,0,0,0,0,0,5,0,0,0,0,0,0,5,0,0,0,0,5,0,0,0,0,0,4,4,0,0,0,0,5,0,0,0,0,5
2126.1329,99.9695,0.9296,2126.1328,0,212,1,2,3,0,3,3,2,-999,-999.0,0,[],0,[],2.848199999999906,0,3,3,5,0,0,0,0,0,3,0,0,0,0,0,3,0,0,0,0,0,4,0,0,0,0,3,0,0,0,0,0,5,0,0
2128.981,57.6263,0.1142,2128.981,0,213,4,2,2,0,3,3,2,-999,-999.0,0,[],0,[],2.398400000000038,0,0,0,0,0,0,0,0,3,0,0,0,0,0,0,0,0,0,0,0,0,0,0,0,0,4,0,0,0,0,0,0,0,0,0
2131.3794,78.8474,0.4336,2131.3794,0,214,2,2,2,0,3,3,1,-999,-999.0,0,[],0,[],1.499000000000251,0,0,0,5,0,0,0,0,0,0,0,0,0,0,0,4,0,0,0,0,0,5,0,0,0,0,0,0,0,0,0,0,5,0,0
2132.8784,80.5721,0.4301,2132.8784,0,215,1,1,2,0,3,3,1,-999,-999.0,1,[221],0,[],3.1479999999996835,0,6,6,3,3,0,0,0,0,6,0,0,0,0,0,3,0,0,0,0,4,0,0,0,0,0,6,0,0,0,0,0,4,0,0
2136.0263,49.5589,0.0557,2136.0264,0,216,4,1,1,0,3,3,1,-999,-999.0,0,[],0,[],1.7988000000000284,0,0,0,0,0,0,0,0,0,0,0,0,0,0,0,0,0,0,0,0,0,0,0,0,0,0,0,0,0,0,0,0,0,0,0
2137.8251,57.7992,0.1294,2137.8252,0,217,4,1,2,0,2,3,1,-999,-999.0,0,[],0,[],4.047100000000228,4,0,0,0,0,0,5,4,4,0,0,0,0,0,0,0,0,0,5,4,0,0,0,0,0,4,0,0,0,0,0,0,0,0,0
2141.8724,70.7766,0.3018,2141.8723,0,218,2,2,2,0,2,3,1,-999,-999.0,1,[238],0,[],1.4989999999997963,0,0,0,5,0,0,0,0,0,0,0,0,0,0,0,4,0,0,0,0,0,5,0,0,0,0,0,0,0,0,0,0,5,0,0
2143.3714,71.8632,0.33399999999999996,2143.3713,0,219,1,2,2,0,2,3,1,-999,-999.0,0,[],0,[],1.0493999999998778,0,3,3,5,0,0,0,0,0,3,0,0,0,0,0,4,0,0,0,0,0,5,0,0,0,0,3,0,0,0,0,0,5,0,0
2144.4207,61.7172,0.3387,2144.4207,0,220,4,3,3,0,2,3,1,-999,-999.0,0,[],0,[],1.0493000000001302,0,0,0,0,0,5,0,0,0,0,0,0,5,0,4,0,0,0,0,0,0,0,0,0,4,0,0,0,0,5,0,5,0,0,0
2145.47,81.7037,0.7425,2145.47,0,221,1,1,2,0,3,3,1,-999,-999.0,1,[215],0,[],4.0473000000001775,0,6,6,3,2,0,0,0,0,6,0,0,0,0,0,2,0,0,0,0,3,0,0,0,0,0,6,0,0,0,0,0,4,0,0
2149.5173,53.2777,0.0739,2149.5173,0,222,2,2,2,0,1,3,1,-999,-999.0,0,[],0,[],2.848199999999906,0,0,0,5,0,0,0,0,0,0,0,0,0,0,0,3,0,0,0,0,0,4,0,0,0,0,0,0,0,0,0,0,5,0,0
2152.3654,51.6332,0.1122,2152.3655,0,223,2,1,1,0,1,3,1,-999,-999.0,0,[],0,[],1.0493000000001302,0,3,0,4,5,0,0,0,0,0,2,0,0,0,0,4,0,0,0,0,5,0,0,0,0,0,0,4,0,0,0,0,5,0,0
2153.4147,54.1102,0.1038,2153.4148,0,224,4,1,2,0,2,3,1,-999,-999.0,0,[],0,[],2.398200000000088,3,0,0,0,0,0,5,4,4,0,0,0,0,0,0,0,0,0,5,4,0,0,0,0,0,4,0,0,0,0,0,0,0,0,0
2155.8131,53.3339,0.1065,2155.813,0,225,4,2,2,0,2,3,1,-999,-999.0,0,[],0,[],2.0985999999998057,0,0,0,0,0,0,0,0,3,0,0,0,0,0,0,0,0,0,0,0,0,0,0,0,0,4,0,0,0,0,0,0,0,0,0
2157.9117,74.6314,0.2379,2157.9116,0,226,1,2,2,0,2,3,1,-999,-999.0,0,[],0,[],1.6489000000001397,0,3,3,5,0,0,0,0,0,3,0,0,0,0,0,4,0,0,0,0,0,5,0,0,0,0,3,0,0,0,0,0,5,0,0
2159.5606,47.2281,0.0424,2159.5605,0,227,5,4,3,0,2,3,1,-999,-999.0,0,[],0,[],2.098700000000008,0,0,0,0,0,5,0,0,0,0,0,0,5,0,0,0,0,5,0,0,0,0,0,4,4,0,0,0,0,5,0,0,0,0,5
2161.6592,94.2843,0.9086,2161.6592,0,228,1,2,3,0,2,3,1,-999,-999.0,0,[],0,[],2.0985999999998057,0,3,3,5,0,0,0,0,0,3,0,0,0,0,0,3,0,0,0,0,0,4,0,0,0,0,3,0,0,0,0,0,5,0,0
2163.7578,62.3986,0.1185,2163.7578,0,229,5,4,3,0,3,3,1,-999,-999.0,0,[],0,[],1.499000000000251,0,0,0,0,0,5,0,0,0,0,0,0,5,0,0,0,0,5,0,0,0,0,0,4,4,0,0,0,0,5,0,0,0,0,5
2165.2568,90.0428,0.7694,2165.2568,0,230,1,1,2,0,3,3,1,-999,-999.0,0,[],0,[],1.9487999999996646,0,3,3,4,5,0,0,0,0,3,0,0,0,0,0,4,0,0,0,0,5,0,0,0,0,0,3,0,0,0,0,0,5,0,0
2167.2055,50.7722,0.024,2167.2056,0,231,4,2,2,0,3,3,1,-999,-999.0,0,[],0,[],1.3490999999999076,0,0,0,0,0,0,0,0,3,0,0,0,0,0,0,0,0,0,0,0,0,0,0,0,0,4,0,0,0,0,0,0,0,0,0
2168.5546,65.5375,0.166,2168.5547,0,232,1,2,2,0,2,3,1,-999,-999.0,0,[],0,[],1.3491000000003623,0,3,3,5,0,0,0,0,0,3,0,0,0,0,0,4,0,0,0,0,0,5,0,0,0,0,3,0,0,0,0,0,5,0,0
2169.9037,54.3793,0.1313,2169.9038,0,233,4,2,2,0,2,3,1,-999,-999.0,0,[],0,[],3.147699999999986,0,0,0,0,0,0,0,0,4,0,0,0,0,0,0,0,0,0,0,0,0,0,0,0,0,5,0,0,0,0,0,0,0,0,0
2173.0516,90.6555,0.6337,2173.0515,0,234,1,2,2,0,3,3,1,-999,-999.0,0,[],0,[],1.0492999999996755,0,3,3,5,0,0,0,0,0,3,0,0,0,0,0,4,0,0,0,0,0,5,0,0,0,0,3,0,0,0,0,0,5,0,0
2174.1009,53.1803,0.1249,2174.1008,0,235,4,2,2,0,3,3,1,-999,-999.0,0,[],0,[],3.1480000000001382,0,0,0,0,0,0,0,0,4,0,0,0,0,0,0,0,0,0,0,0,0,0,0,0,0,5,0,0,0,0,0,0,0,0,0
2177.2488,66.6699,0.1989,2177.2488,0,236,4,2,2,0,2,3,1,-999,-999.0,2,"[239, 259]",0,[],1.6489000000001397,0,0,0,0,0,0,0,0,3,0,0,0,0,0,0,0,0,0,0,0,0,0,0,0,0,4,0,0,0,0,0,0,0,0,0
2178.8977,74.4655,0.2719,2178.8977,0,237,1,2,2,0,2,3,1,-999,-999.0,0,[],0,[],1.7988000000000284,0,3,3,5,0,0,0,0,0,3,0,0,0,0,0,4,0,0,0,0,0,5,0,0,0,0,3,0,0,0,0,0,5,0,0
2180.6965,65.8188,0.2271,2180.6965,0,238,2,2,2,0,2,3,1,-999,-999.0,1,[218],0,[],1.4990999999999985,0,0,0,5,0,0,0,0,0,0,0,0,0,0,0,4,0,0,0,0,0,5,0,0,0,0,0,0,0,0,0,0,5,0,0
2182.1955,65.6342,0.1979,2182.1956,0,239,4,2,2,0,2,3,1,-999,-999.0,1,[236],0,[],1.948699999999917,0,0,0,0,0,0,0,0,3,0,0,0,0,0,0,0,0,0,0,0,0,0,0,0,0,4,0,0,0,0,0,0,0,0,0
2184.1442,76.2556,0.2797,2184.1443,0,240,4,2,3,0,2,3,1,-999,-999.0,0,[],0,[],2.5480999999999767,0,0,0,0,0,0,0,0,3,0,0,0,0,0,0,0,0,0,0,0,0,0,0,0,0,4,0,0,0,0,0,0,0,0,0
2186.6925,101.6599,0.7463,2186.6924,0,241,1,2,2,0,3,3,1,-999,-999.0,0,[],0,[],2.248500000000149,0,3,3,5,0,0,0,0,0,3,0,0,0,0,0,3,0,0,0,0,0,4,0,0,0,0,3,0,0,0,0,0,5,0,0
2188.9410000000003,65.6739,0.125,2188.9409,0,242,4,2,2,0,3,3,1,-999,-999.0,0,[],0,[],1.4989999999997963,0,0,0,0,0,0,0,0,3,0,0,0,0,0,0,0,0,0,0,0,0,0,0,0,0,4,0,0,0,0,0,0,0,0,0
2190.44,93.5622,0.6399,2190.4399,0,243,1,3,3,0,1,3,1,-999,-999.0,0,[],0,[],1.4990999999999985,0,0,0,0,0,5,0,0,0,0,0,0,5,0,4,0,0,0,0,0,0,0,5,0,4,0,0,0,0,5,0,5,0,0,0
2191.939,67.2822,0.2883,2191.939,0,244,2,2,2,0,2,3,1,-999,-999.0,0,[],0,[],2.398400000000038,0,0,0,5,0,0,0,0,0,0,0,0,0,0,0,3,0,0,0,0,0,4,0,0,0,0,0,0,0,0,0,0,5,0,0
2194.3374,66.249,0.3172,2194.3374,0,245,5,4,3,0,2,3,1,-999,-999.0,0,[],0,[],1.3490999999999076,0,0,0,0,0,5,0,0,0,0,0,0,5,0,0,0,0,5,0,0,0,0,0,4,4,0,0,0,0,5,0,0,0,0,5
2195.6865,107.8233,0.7393,2195.6865,0,246,1,3,3,0,2,3,1,-999,-999.0,0,[],0,[],1.7988000000000284,0,0,0,0,0,5,0,0,0,0,0,0,5,0,4,0,0,0,0,0,0,0,5,0,4,0,0,0,0,5,0,5,0,0,0
2197.4853,96.7575,0.7027,2197.4854,0,247,5,4,4,0,3,3,1,-999,-999.0,0,[],0,[],1.4990999999999985,0,0,0,0,0,5,0,0,0,0,0,0,5,0,0,0,0,5,0,0,0,0,0,4,4,0,0,0,0,5,0,0,0,0,5
2198.9843,117.0762,0.8065,2198.9844,0,248,1,2,3,0,3,3,1,-999,-999.0,0,[],0,[],1.0493000000001302,0,3,3,5,0,0,0,0,0,3,0,0,0,0,0,4,0,0,0,0,0,5,0,0,0,0,3,0,0,0,0,0,5,0,0
2200.0336,75.5888,0.2706,2200.0337,0,249,5,4,3,0,3,3,1,-999,-999.0,0,[],0,[],2.2482999999997446,0,0,0,0,0,5,0,0,0,0,0,0,5,0,0,0,0,5,0,0,0,0,0,4,4,0,0,0,0,5,0,0,0,0,5
2202.2821,79.1343,0.3633,2202.282,0,250,4,2,3,0,3,3,1,-999,-999.0,0,[],0,[],1.199200000000019,0,0,0,0,0,0,0,0,3,0,0,0,0,0,0,0,0,0,0,0,0,0,0,0,0,4,0,0,0,0,0,0,0,0,0
2203.4813,106.1411,0.6722,2203.4812,0,251,1,2,2,0,3,3,1,-999,-999.0,0,[],0,[],2.0986000000002605,0,3,3,5,0,0,0,0,0,3,0,0,0,0,0,3,0,0,0,0,0,4,0,0,0,0,3,0,0,0,0,0,5,0,0
2205.5799,52.341,0.054000000000000006,2205.5798,0,252,4,2,2,0,2,3,1,-999,-999.0,0,[],0,[],3.1480000000001382,0,0,0,0,0,0,0,0,4,0,0,0,0,0,0,0,0,0,0,0,0,0,0,0,0,5,0,0,0,0,0,0,0,0,0
2208.7278,94.34899999999999,0.6248,2208.7278,0,253,5,4,4,0,2,3,1,-999,-999.0,0,[],0,[],1.948699999999917,0,0,0,0,0,5,0,0,0,0,0,0,5,0,0,0,0,5,0,0,0,0,0,4,4,0,0,0,0,5,0,0,0,0,5
2210.6765,109.9275,0.9171,2210.6765,0,254,5,4,4,0,2,3,1,-999,-999.0,0,[],0,[],1.4989999999997963,0,0,0,0,0,5,0,0,0,0,0,0,5,0,0,0,0,5,0,0,0,0,0,4,4,0,0,0,0,5,0,0,0,0,5
2212.1755,105.2657,1.0,2212.1755,0,255,5,4,4,0,2,3,1,-999,-999.0,0,[],0,[],2.098700000000008,0,0,0,0,0,5,0,0,0,0,0,0,5,0,0,0,0,5,0,0,0,0,0,4,4,0,0,0,0,5,0,0,0,0,5
2214.2741,127.3202,0.9636,2214.2742,0,256,5,4,4,0,3,3,1,-999,-999.0,0,[],0,[],1.0493000000001302,0,0,0,0,0,5,0,0,0,0,0,0,5,0,0,0,0,5,0,0,0,0,0,4,4,0,0,0,0,5,0,0,0,0,5
2215.3234,104.6606,0.9939,2215.3235,0,257,1,2,3,0,3,3,1,-999,-999.0,0,[],0,[],3.297599999999875,0,6,6,4,0,0,0,0,0,6,0,0,0,0,0,3,0,0,0,0,0,4,0,0,0,0,6,0,0,0,0,0,4,0,0
2218.6212,94.4947,0.3345,2218.6211,0,258,1,2,3,0,3,3,1,-999,-999.0,0,[],0,[],6.595699999999852,0,6,6,4,0,0,0,0,0,6,0,0,0,0,0,0,0,0,0,0,0,0,0,0,0,0,6,0,0,0,0,0,4,0,0
2225.2168,59.4258,0.1132,2225.2168,0,259,4,2,2,0,2,3,1,-999,-999.0,2,"[279, 236]",0,[],1.6489000000001397,0,0,0,0,0,0,0,0,3,0,0,0,0,0,0,0,0,0,0,0,0,0,0,0,0,4,0,0,0,0,0,0,0,0,0
2226.8657,72.9067,0.2322,2226.8657,0,260,4,2,3,0,2,3,1,-999,-999.0,0,[],0,[],1.6489000000001397,0,0,0,0,0,0,0,0,3,0,0,0,0,0,0,0,0,0,0,0,0,0,0,0,0,4,0,0,0,0,0,0,0,0,0
2228.5146,93.6966,0.7843,2228.5146,0,261,1,2,3,0,2,3,1,-999,-999.0,1,[276],0,[],1.0493999999998778,0,3,3,5,0,0,0,0,0,3,0,0,0,0,0,4,0,0,0,0,0,5,0,0,0,0,3,0,0,0,0,0,5,0,0
2229.5639,69.6995,0.226,2229.564,0,262,4,2,3,0,3,3,1,-999,-999.0,0,[],0,[],1.0493000000001302,0,0,0,0,0,0,0,0,3,0,0,0,0,0,0,0,0,0,0,0,0,0,0,0,0,4,0,0,0,0,0,0,0,0,0
2230.6132,99.7846,0.7043,2230.6133,0,263,1,1,2,0,3,3,1,-999,-999.0,0,[],0,[],1.3490999999999076,0,3,3,4,5,0,0,0,0,3,0,0,0,0,0,4,0,0,0,0,5,0,0,0,0,0,3,0,0,0,0,0,5,0,0
2231.9623,53.0113,0.0307,2231.9624,0,264,2,1,1,0,3,3,1,-999,-999.0,0,[],0,[],1.64870000000019,0,3,0,4,5,0,0,0,0,0,2,0,0,0,0,4,0,0,0,0,5,0,0,0,0,0,0,4,0,0,0,0,5,0,0
2233.6112,55.9282,0.051,2233.6111,0,265,4,1,2,0,2,3,1,-999,-999.0,0,[],0,[],5.546399999999721,4,0,0,0,0,0,6,5,6,0,0,0,0,0,0,0,0,0,6,5,0,0,0,0,0,6,0,0,0,0,0,0,0,0,0
2239.1575,102.3074,0.7066,2239.1575,0,266,1,3,3,0,2,3,1,-999,-999.0,0,[],0,[],2.69820000000027,0,0,0,0,0,5,0,0,0,0,0,0,5,0,4,0,0,0,0,0,0,0,5,0,4,0,0,0,0,5,0,5,0,0,0
2241.8557,65.2656,0.168,2241.8557,0,267,5,4,3,0,2,3,1,-999,-999.0,0,[],0,[],2.548399999999674,0,0,0,0,0,5,0,0,0,0,0,0,5,0,0,0,0,5,0,0,0,0,0,4,4,0,0,0,0,5,0,0,0,0,5
2244.404,102.2913,0.6101,2244.4041,0,268,4,3,3,0,2,3,1,-999,-999.0,0,[],0,[],1.0493000000001302,0,0,0,0,0,5,0,0,0,0,0,0,5,0,4,0,0,0,0,0,0,0,0,0,4,0,0,0,0,5,0,5,0,0,0
2245.4533,107.4784,0.718,2245.4534,0,269,5,4,4,0,3,3,1,-999,-999.0,0,[],0,[],1.6489000000001397,0,0,0,0,0,5,0,0,0,0,0,0,5,0,0,0,0,5,0,0,0,0,0,4,4,0,0,0,0,5,0,0,0,0,5
2247.1022,93.7023,0.7844,2247.1023,0,270,5,4,4,0,3,3,1,-999,-999.0,0,[],0,[],1.7988000000000284,0,0,0,0,0,5,0,0,0,0,0,0,5,0,0,0,0,5,0,0,0,0,0,4,4,0,0,0,0,5,0,0,0,0,5
2248.901,110.0459,0.7648,2248.9009,0,271,1,2,2,0,3,3,1,-999,-999.0,0,[],0,[],2.098399999999856,0,3,3,5,0,0,0,0,0,3,0,0,0,0,0,3,0,0,0,0,0,4,0,0,0,0,3,0,0,0,0,0,5,0,0
2250.9996,54.8414,0.0253,2250.9995,0,272,4,2,2,0,3,3,1,-999,-999.0,0,[],0,[],2.998099999999795,0,0,0,0,0,0,0,0,3,0,0,0,0,0,0,0,0,0,0,0,0,0,0,0,0,4,0,0,0,0,0,0,0,0,0
2253.9976,94.4732,0.5682,2253.9976,0,273,1,1,2,0,3,3,1,-999,-999.0,0,[],0,[],2.8481000000001586,0,3,3,4,3,0,0,0,0,3,0,0,0,0,0,3,0,0,0,0,4,0,0,0,0,0,3,0,0,0,0,0,5,0,0
2256.8457,50.0565,0.052000000000000005,2256.8457,0,274,4,1,2,0,2,3,1,-999,-999.0,0,[],0,[],2.398400000000038,3,0,0,0,0,0,5,4,4,0,0,0,0,0,0,0,0,0,5,4,0,0,0,0,0,4,0,0,0,0,0,0,0,0,0
2259.2441,94.2609,0.7601,2259.2441,0,275,5,4,4,0,2,3,1,-999,-999.0,0,[],0,[],1.1993000000002212,0,0,0,0,0,5,0,0,0,0,0,0,5,0,0,0,0,5,0,0,0,0,0,4,4,0,0,0,0,5,0,0,0,0,5
2260.4433,100.3261,0.7257,2260.4434,0,276,1,2,2,0,2,3,1,-999,-999.0,1,[261],0,[],1.3490999999999076,0,3,3,5,0,0,0,0,0,3,0,0,0,0,0,4,0,0,0,0,0,5,0,0,0,0,3,0,0,0,0,0,5,0,0
2261.7924,73.0718,0.2159,2261.7925,0,277,4,2,3,0,3,3,1,-999,-999.0,0,[],0,[],1.3490999999999076,0,0,0,0,0,0,0,0,3,0,0,0,0,0,0,0,0,0,0,0,0,0,0,0,0,4,0,0,0,0,0,0,0,0,0
2263.1415,116.006,0.872,2263.1416,0,278,1,2,3,0,3,3,1,-999,-999.0,0,[],0,[],1.64870000000019,0,3,3,5,0,0,0,0,0,3,0,0,0,0,0,4,0,0,0,0,0,5,0,0,0,0,3,0,0,0,0,0,5,0,0
2264.7904,64.0607,0.1123,2264.7903,0,279,4,2,2,0,3,3,1,-999,-999.0,1,[259],0,[],1.0492999999996755,0,0,0,0,0,0,0,0,3,0,0,0,0,0,0,0,0,0,0,0,0,0,0,0,0,4,0,0,0,0,0,0,0,0,0
2265.8397,75.684,0.1874,2265.8396,0,280,1,2,2,0,3,3,1,-999,-999.0,0,[],0,[],1.499000000000251,0,3,3,5,0,0,0,0,0,3,0,0,0,0,0,4,0,0,0,0,0,5,0,0,0,0,3,0,0,0,0,0,5,0,0
2267.3387,57.0808,0.0924,2267.3386,0,281,4,2,2,0,1,3,1,-999,-999.0,0,[],0,[],1.3490999999999076,0,0,0,0,0,0,0,0,3,0,0,0,0,0,0,0,0,0,0,0,0,0,0,0,0,4,0,0,0,0,0,0,0,0,0
2268.6878,111.9299,0.6818,2268.6877,0,282,1,2,2,0,1,3,1,-999,-999.0,0,[],0,[],2.3984999999997854,0,3,3,5,0,0,0,0,0,3,0,0,0,0,0,3,0,0,0,0,0,4,0,0,0,0,3,0,0,0,0,0,5,0,0
2271.0862,54.7202,0.0908,2271.0862,0,283,4,2,2,0,2,3,1,-999,-999.0,0,[],0,[],1.9487000000003718,0,0,0,0,0,0,0,0,3,0,0,0,0,0,0,0,0,0,0,0,0,0,0,0,0,4,0,0,0,0,0,0,0,0,0
2273.0349,69.0349,0.1378,2273.0349,0,284,5,4,3,0,2,3,1,-999,-999.0,0,[],0,[],3.4477999999999156,0,0,0,0,0,5,0,0,0,0,0,0,5,0,0,0,0,5,0,0,0,0,0,4,4,0,0,0,0,5,0,0,0,0,5
2276.4826,141.7254,0.6779999999999999,2276.4827,0,285,1,3,3,0,3,3,1,-999,-999.0,0,[],0,[],4.346900000000005,0,0,0,0,0,5,0,0,0,0,0,0,5,0,4,0,0,0,0,0,0,0,5,0,4,0,0,0,0,5,0,5,0,0,0
2280.8297,60.2565,0.0721,2280.8296,0,286,2,1,1,0,3,3,1,-999,-999.0,2,"[293, 294]",0,[],1.3490999999999076,0,3,0,4,5,0,0,0,0,0,2,0,0,0,0,4,0,0,0,0,5,0,0,0,0,0,0,4,0,0,0,0,5,0,0
2282.1788,69.7422,0.1601,2282.1787,0,287,1,2,2,0,2,3,1,-999,-999.0,0,[],0,[],2.998099999999795,0,3,3,5,0,0,0,0,0,3,0,0,0,0,0,3,0,0,0,0,0,4,0,0,0,0,3,0,0,0,0,0,5,0,0
2285.1768,56.8468,0.1383,2285.1768,0,288,4,2,2,0,2,3,1,-999,-999.0,0,[],0,[],2.248500000000149,0,0,0,0,0,0,0,0,3,0,0,0,0,0,0,0,0,0,0,0,0,0,0,0,0,4,0,0,0,0,0,0,0,0,0
2287.4253,60.9069,0.1367,2287.4253,0,289,4,2,2,0,2,3,1,-999,-999.0,0,[],0,[],2.8481000000001586,0,0,0,0,0,0,0,0,3,0,0,0,0,0,0,0,0,0,0,0,0,0,0,0,0,4,0,0,0,0,0,0,0,0,0
2290.2734,71.012,0.1497,2290.2734,0,290,4,2,3,0,2,3,1,-999,-999.0,0,[],0,[],1.3491999999996551,0,0,0,0,0,0,0,0,3,0,0,0,0,0,0,0,0,0,0,0,0,0,0,0,0,4,0,0,0,0,0,0,0,0,0
2291.6225,149.1591,0.9868,2291.6226,0,291,5,4,3,0,3,3,1,-999,-999.0,0,[],0,[],1.6489000000001397,0,0,0,0,0,5,0,0,0,0,0,0,5,0,0,0,0,5,0,0,0,0,0,4,4,0,0,0,0,5,0,0,0,0,5
2293.2714,106.5207,0.5504,2293.2715,0,292,1,1,2,0,3,3,1,-999,-999.0,0,[],0,[],2.248500000000149,0,3,3,4,3,0,0,0,0,3,0,0,0,0,0,3,0,0,0,0,4,0,0,0,0,0,3,0,0,0,0,0,5,0,0
2295.5199,57.3863,0.0,2295.52,0,293,2,1,1,0,3,3,1,1,-999.0,2,"[295, 286]",0,[],1.7986000000000786,0,3,0,4,5,0,0,0,0,0,2,0,0,0,0,4,0,0,0,0,5,0,0,0,0,0,0,4,0,0,0,0,5,0,0
2297.3187,56.8117,0.0,2297.3186,0,294,2,1,1,0,2,3,1,1,-999.0,1,[286],0,[],1.7988000000000284,0,3,0,4,5,0,0,0,0,0,2,0,0,0,0,4,0,0,0,0,5,0,0,0,0,0,0,4,0,0,0,0,5,0,0
2299.1175,62.0872,0.0,2299.1174,0,295,2,1,1,0,2,3,1,1,-999.0,2,"[300, 293]",0,[],1.199200000000019,0,3,0,4,5,0,0,0,0,0,2,0,0,0,0,4,0,0,0,0,5,0,0,0,0,0,0,4,0,0,0,0,5,0,0
2300.3167,58.5571,0.0,2300.3167,0,296,4,1,1,0,2,3,1,1,-999.0,4,"[304, 310, 313, 315]",0,[],2.848199999999906,3,0,0,0,0,0,5,4,4,0,0,0,0,0,0,0,0,0,5,4,0,0,0,0,0,4,0,0,0,0,0,0,0,0,0
2303.1648,71.2816,0.0,2303.1648,0,297,2,1,1,0,2,3,1,1,-999.0,7,"[299, 300, 302, 303, 316, 317, 320]",0,[],1.948699999999917,0,3,0,4,5,0,0,0,0,0,2,0,0,0,0,4,0,0,0,0,5,0,0,0,0,0,0,4,0,0,0,0,5,0,0
2305.1135,65.9397,0.0,2305.1135,0,298,2,1,1,0,2,3,1,1,-999.0,0,[],0,[],1.4989999999997963,0,3,0,4,5,0,0,0,0,0,2,0,0,0,0,4,0,0,0,0,5,0,0,0,0,0,0,4,0,0,0,0,5,0,0
2306.6125,73.0499,0.0,2306.6125,0,299,2,1,1,0,1,3,1,1,-999.0,2,"[302, 297]",0,[],1.7989000000002306,0,3,0,4,5,0,0,0,0,0,2,0,0,0,0,4,0,0,0,0,5,0,0,0,0,0,0,4,0,0,0,0,5,0,0
2308.4113,69.1423,0.0,2308.4114,0,300,2,1,1,0,1,3,1,1,-999.0,4,"[303, 320, 295, 297]",0,[],1.0493000000001302,0,3,0,4,5,0,0,0,0,0,2,0,0,0,0,4,0,0,0,0,5,0,0,0,0,0,0,4,0,0,0,0,5,0,0
2309.4606,63.2518,0.0,2309.4607,0,301,4,1,1,0,1,3,1,1,-999.0,2,"[310, 319]",0,[],1.3490999999999076,0,0,0,0,0,0,0,0,0,0,0,0,0,0,0,0,0,0,0,0,0,0,0,0,0,0,0,0,0,0,0,0,0,0,0
2310.8097,71.2968,0.0,2310.8098,0,302,2,1,1,0,1,3,1,1,-999.0,5,"[320, 323, 324, 297, 299]",0,[],1.9484999999999673,0,3,0,4,5,0,0,0,0,0,2,0,0,0,0,4,0,0,0,0,5,0,0,0,0,0,0,4,0,0,0,0,5,0,0
2312.7584,69.2314,0.0,2312.7583,0,303,2,1,1,0,1,3,1,1,-999.0,4,"[316, 320, 297, 300]",0,[],1.199200000000019,0,3,0,4,5,0,0,0,0,0,2,0,0,0,0,4,0,0,0,0,5,0,0,0,0,0,0,4,0,0,0,0,5,0,0
2313.9576,62.2172,0.0,2313.9575,0,304,4,1,1,0,1,3,1,1,-999.0,3,"[310, 319, 296]",0,[],1.948699999999917,0,0,0,0,0,0,0,0,0,0,0,0,0,0,0,0,0,0,0,0,0,0,0,0,0,0,0,0,0,0,0,0,0,0,0
2315.9063,70.56,0.0,2315.9063,0,305,1,1,1,0,1,3,1,1,-999.0,1,[314],0,[],2.6983000000000175,0,3,3,4,3,0,0,0,0,3,0,0,0,0,0,3,0,0,0,0,4,0,0,0,0,0,3,0,0,0,0,0,5,0,0
2318.6045,59.3357,0.0,2318.6045,0,306,4,1,1,0,1,3,1,1,-999.0,0,[],0,[],2.248500000000149,3,0,0,0,0,0,5,4,4,0,0,0,0,0,0,0,0,0,5,4,0,0,0,0,0,4,0,0,0,0,0,0,0,0,0
2320.853,79.5824,0.0,2320.853,0,307,1,1,1,0,1,3,1,1,-999.0,2,"[309, 312]",0,[],2.548399999999674,0,3,3,4,3,0,0,0,0,3,0,0,0,0,0,3,0,0,0,0,4,0,0,0,0,0,3,0,0,0,0,0,5,0,0
2323.4013,67.4463,0.0,2323.4014,0,308,2,1,1,0,1,3,1,1,-999.0,0,[],0,[],2.8481000000001586,0,3,0,4,3,0,0,0,0,0,2,0,0,0,0,3,0,0,0,0,4,0,0,0,0,0,0,4,0,0,0,0,4,0,0
2326.2494,73.9572,0.0,2326.2495,0,309,1,1,1,0,1,3,1,1,-999.0,2,"[329, 307]",0,[],1.4987999999998465,0,3,3,4,5,0,0,0,0,3,0,0,0,0,0,4,0,0,0,0,5,0,0,0,0,0,3,0,0,0,0,0,5,0,0
2327.7484,62.2067,0.0,2327.7483,0,310,4,1,1,0,1,3,1,1,-999.0,5,"[319, 328, 296, 301, 304]",0,[],1.6489000000001397,0,0,0,0,0,0,0,0,0,0,0,0,0,0,0,0,0,0,0,0,0,0,0,0,0,0,0,0,0,0,0,0,0,0,0
2329.3973,69.7232,0.0,2329.3972,0,311,4,1,1,0,1,3,1,1,-999.0,0,[],0,[],3.8975000000000364,3,0,0,0,0,0,5,4,4,0,0,0,0,0,0,0,0,0,5,4,0,0,0,0,0,4,0,0,0,0,0,0,0,0,0
2333.2947,81.3144,0.0,2333.2947,0,312,1,1,1,0,3,3,1,1,-999.0,1,[307],0,[],2.9980000000000473,0,3,3,4,3,0,0,0,0,3,0,0,0,0,0,3,0,0,0,0,4,0,0,0,0,0,3,0,0,0,0,0,5,0,0
2336.2927,60.8417,0.0,2336.2927,0,313,4,1,1,0,1,3,1,1,-999.0,4,"[315, 319, 328, 296]",0,[],2.998099999999795,3,0,0,0,0,0,5,4,4,0,0,0,0,0,0,0,0,0,5,4,0,0,0,0,0,4,0,0,0,0,0,0,0,0,0
2339.2907,69.2611,0.0,2339.2908,0,314,1,1,1,0,1,3,1,1,-999.0,2,"[329, 305]",0,[],1.948699999999917,0,3,3,4,5,0,0,0,0,3,0,0,0,0,0,4,0,0,0,0,5,0,0,0,0,0,3,0,0,0,0,0,5,0,0
2341.2394,57.5616,0.0,2341.2395,0,315,4,1,1,0,1,3,1,1,-999.0,2,"[296, 313]",0,[],3.597400000000107,3,0,0,0,0,0,5,4,4,0,0,0,0,0,0,0,0,0,5,4,0,0,0,0,0,4,0,0,0,0,0,0,0,0,0
2344.837,71.9831,0.0,2344.8369,0,316,2,1,1,0,3,3,1,1,-999.0,4,"[320, 326, 297, 303]",0,[],1.499000000000251,0,3,0,4,5,0,0,0,0,0,2,0,0,0,0,4,0,0,0,0,5,0,0,0,0,0,0,4,0,0,0,0,5,0,0
2346.3360000000002,62.8092,0.0,2346.3359,0,317,2,1,1,0,3,3,1,1,-999.0,10,"[320, 321, 322, 325, 326, 330, 331, 333, 334, 297]",0,[],2.3984999999997854,0,3,0,4,3,0,0,0,0,0,2,0,0,0,0,3,0,0,0,0,4,0,0,0,0,0,0,4,0,0,0,0,4,0,0
2348.7344,57.7813,0.0,2348.7344,0,318,2,1,1,0,1,3,1,1,-999.0,3,"[323, 327, 332]",0,[],1.6489000000001397,0,3,0,4,5,0,0,0,0,0,2,0,0,0,0,4,0,0,0,0,5,0,0,0,0,0,0,4,0,0,0,0,5,0,0
2350.3833,63.2208,0.0,2350.3833,0,319,4,1,1,0,1,3,1,1,-999.0,5,"[328, 301, 304, 310, 313]",0,[],1.6489000000001397,0,0,0,0,0,0,0,0,0,0,0,0,0,0,0,0,0,0,0,0,0,0,0,0,0,0,0,0,0,0,0,0,0,0,0
2352.0322,68.2553,0.0,2352.0322,0,320,2,1,1,0,1,3,1,1,-999.0,8,"[333, 334, 297, 300, 302, 303, 316, 317]",0,[],1.3490999999999076,0,3,0,4,5,0,0,0,0,0,2,0,0,0,0,4,0,0,0,0,5,0,0,0,0,0,0,4,0,0,0,0,5,0,0
2353.3813,61.7822,0.0,2353.3813,0,321,2,1,1,0,1,3,1,1,-999.0,10,"[322, 324, 325, 326, 327, 330, 331, 332, 333, 317]",0,[],2.6983000000000175,0,3,0,4,3,0,0,0,0,0,2,0,0,0,0,3,0,0,0,0,4,0,0,0,0,0,0,4,0,0,0,0,4,0,0
2356.0795,62.4267,0.0,2356.0796,0,322,2,1,1,0,1,3,1,1,-999.0,10,"[323, 324, 325, 326, 330, 332, 333, 334, 317, 321]",0,[],2.0985999999998057,0,3,0,4,3,0,0,0,0,0,2,0,0,0,0,3,0,0,0,0,4,0,0,0,0,0,0,4,0,0,0,0,4,0,0
2358.1781,61.0359,0.0,2358.178,0,323,2,1,1,0,1,3,1,1,-999.0,4,"[334, 302, 318, 322]",0,[],1.1990000000000691,0,3,0,4,5,0,0,0,0,0,2,0,0,0,0,4,0,0,0,0,5,0,0,0,0,0,0,4,0,0,0,0,5,0,0
2359.3773,62.4943,0.0,2359.3772,0,324,2,1,1,0,1,3,1,1,-999.0,8,"[325, 327, 330, 331, 332, 302, 321, 322]",0,[],2.698199999999815,0,3,0,4,3,0,0,0,0,0,2,0,0,0,0,3,0,0,0,0,4,0,0,0,0,0,0,4,0,0,0,0,4,0,0
2362.0755,66.1964,0.0,2362.0754,0,325,2,1,1,0,1,3,1,1,-999.0,9,"[327, 330, 331, 332, 333, 317, 321, 322, 324]",0,[],2.548400000000129,0,3,0,4,3,0,0,0,0,0,2,0,0,0,0,3,0,0,0,0,4,0,0,0,0,0,0,4,0,0,0,0,4,0,0
2364.6238,67.5553,0.0,2364.6238,0,326,2,1,1,0,1,3,1,1,-999.0,7,"[330, 333, 334, 316, 317, 321, 322]",0,[],2.0986000000002605,0,3,0,4,3,0,0,0,0,0,2,0,0,0,0,3,0,0,0,0,4,0,0,0,0,0,0,4,0,0,0,0,4,0,0
2366.7224,61.0353,0.0,2366.7224,0,327,2,1,1,0,1,3,1,1,-999.0,6,"[330, 332, 318, 321, 324, 325]",0,[],2.0985999999998057,0,3,0,4,3,0,0,0,0,0,2,0,0,0,0,3,0,0,0,0,4,0,0,0,0,0,0,4,0,0,0,0,4,0,0
2368.821,64.2793,0.0,2368.821,0,328,4,1,1,0,1,3,1,1,-999.0,3,"[310, 313, 319]",0,[],1.6489999999998872,0,0,0,0,0,0,0,0,0,0,0,0,0,0,0,0,0,0,0,0,0,0,0,0,0,0,0,0,0,0,0,0,0,0,0
2370.4699,69.6815,0.0,2370.47,0,329,1,1,1,0,1,3,1,1,-999.0,2,"[309, 314]",0,[],1.499000000000251,0,3,3,4,5,0,0,0,0,3,0,0,0,0,0,4,0,0,0,0,5,0,0,0,0,0,3,0,0,0,0,0,5,0,0
2371.9689,62.5528,0.0,2371.969,0,330,2,1,1,0,1,3,1,1,-999.0,10,"[331, 332, 333, 317, 321, 322, 324, 325, 326, 327]",0,[],2.847899999999754,0,3,0,4,3,0,0,0,0,0,2,0,0,0,0,3,0,0,0,0,4,0,0,0,0,0,0,4,0,0,0,0,4,0,0
2374.817,61.5402,0.0,2374.8169,0,331,2,1,1,0,1,3,1,1,-999.0,7,"[332, 333, 317, 321, 324, 325, 330]",0,[],3.2978000000002794,0,6,0,3,3,0,0,0,0,0,3,0,0,0,0,3,0,0,0,0,4,0,0,0,0,0,0,5,0,0,0,0,4,0,0
2378.1148,58.2103,0.0,2378.1147,0,332,2,1,1,0,2,3,1,1,-999.0,9,"[334, 318, 321, 322, 324, 325, 327, 330, 331]",0,[],2.098700000000008,0,3,0,4,3,0,0,0,0,0,2,0,0,0,0,3,0,0,0,0,4,0,0,0,0,0,0,4,0,0,0,0,4,0,0
2380.2134,63.0983,0.0,2380.2134,0,333,2,1,1,0,2,3,1,1,-999.0,9,"[334, 317, 320, 321, 322, 325, 326, 330, 331]",0,[],1.7987999999995736,0,3,0,4,5,0,0,0,0,0,2,0,0,0,0,4,0,0,0,0,5,0,0,0,0,0,0,4,0,0,0,0,5,0,0
2382.0122,60.2844,0.0,2382.0122,0,334,2,1,1,0,2,3,1,1,-999.0,7,"[317, 320, 322, 323, 326, 332, 333]",0,[],1.3491000000003623,0,3,0,4,5,0,0,0,0,0,2,0,0,0,0,4,0,0,0,0,5,0,0,0,0,0,0,4,0,0,0,0,5,0,0
2383.3613,59.8333,0.0,2383.3613,0,335,4,1,1,0,2,3,1,1,-999.0,0,[],0,[],2.3984999999997854,3,0,0,0,0,0,5,4,4,0,0,0,0,0,0,0,0,0,5,4,0,0,0,0,0,4,0,0,0,0,0,0,0,0,0
2385.7597,75.7787,0.0,2385.7598,0,336,4,1,1,0,2,3,1,1,-999.0,0,[],0,[],2.9980000000000473,3,0,0,0,0,0,5,4,4,0,0,0,0,0,0,0,0,0,5,4,0,0,0,0,0,4,0,0,0,0,0,0,0,0,0
2388.7577,110.70100000000001,0.0,2388.7578,0,337,1,2,1,0,3,3,1,1,-999.0,0,[],0,[],3.7472999999999956,0,6,6,4,0,0,0,0,0,6,0,0,0,0,0,3,0,0,0,0,0,4,0,0,0,0,6,0,0,0,0,0,4,0,0
2392.5052,66.8878,0.1585,2392.5051,0,338,1,2,2,0,3,3,1,-999,-999.0,0,[],0,[],2.9981000000002496,0,3,3,5,0,0,0,0,0,3,0,0,0,0,0,3,0,0,0,0,0,4,0,0,0,0,3,0,0,0,0,0,5,0,0
2395.5032,52.6345,0.0692,2395.5032,0,339,4,2,2,0,2,3,1,-999,-999.0,0,[],0,[],2.0985999999998057,0,0,0,0,0,0,0,0,3,0,0,0,0,0,0,0,0,0,0,0,0,0,0,0,0,4,0,0,0,0,0,0,0,0,0
2397.6018,59.1436,0.1641,2397.6018,0,340,4,2,2,0,2,3,1,-999,-999.0,0,[],0,[],2.998099999999795,0,0,0,0,0,0,0,0,3,0,0,0,0,0,0,0,0,0,0,0,0,0,0,0,0,4,0,0,0,0,0,0,0,0,0
2400.5998,99.8773,0.7104,2400.5999,0,341,1,1,2,0,3,3,1,-999,-999.0,0,[],0,[],2.69820000000027,0,3,3,4,3,0,0,0,0,3,0,0,0,0,0,3,0,0,0,0,4,0,0,0,0,0,3,0,0,0,0,0,5,0,0
2403.298,47.4512,0.1039,2403.2981,0,342,4,2,2,0,2,3,1,-999,-999.0,0,[],0,[],1.648899999999685,0,0,0,0,0,0,0,0,3,0,0,0,0,0,0,0,0,0,0,0,0,0,0,0,0,4,0,0,0,0,0,0,0,0,0
2404.9469,61.0981,0.0864,2404.947,0,343,4,2,2,0,2,3,1,-999,-999.0,0,[],0,[],1.4988000000003012,0,0,0,0,0,0,0,0,3,0,0,0,0,0,0,0,0,0,0,0,0,0,0,0,0,4,0,0,0,0,0,0,0,0,0
2406.4459,48.9141,0.021,2406.4458,0,344,4,2,2,0,2,3,1,-999,-999.0,0,[],0,[],3.4477999999999156,0,0,0,0,0,0,0,0,4,0,0,0,0,0,0,0,0,0,0,0,0,0,0,0,0,5,0,0,0,0,0,0,0,0,0
2409.8936,143.9,0.6012,2409.8936,0,345,2,3,3,0,2,3,1,-999,-999.0,0,[],0,[],1.0492999999996755,0,0,0,0,0,5,0,0,0,0,0,0,5,0,4,0,0,0,0,0,0,0,5,0,4,0,0,0,0,5,0,5,0,0,0
2410.9429,137.5075,0.5534,2410.9429,0,346,4,3,3,0,2,3,1,-999,-999.0,1,[349],0,[],1.1992000000004737,0,0,0,0,0,5,0,0,0,0,0,0,5,0,4,0,0,0,0,0,0,0,0,0,4,0,0,0,0,5,0,5,0,0,0
2412.1421,144.8945,0.5635,2412.1421,0,347,1,3,3,0,2,3,1,-999,-999.0,0,[],0,[],1.4989999999997963,0,0,0,0,0,5,0,0,0,0,0,0,5,0,4,0,0,0,0,0,0,0,5,0,4,0,0,0,0,5,0,5,0,0,0
2413.6411,134.6335,0.5566,2413.6411,0,348,2,3,3,0,2,3,1,-999,-999.0,0,[],0,[],1.199200000000019,0,0,0,0,0,5,0,0,0,0,0,0,5,0,4,0,0,0,0,0,0,0,5,0,4,0,0,0,0,5,0,5,0,0,0
2414.8403,131.7096,0.4182,2414.8403,0,349,4,3,3,0,2,3,1,-999,-999.0,1,[346],0,[],1.3492000000001099,0,0,0,0,0,5,0,0,0,0,0,0,5,0,4,0,0,0,0,0,0,0,0,0,4,0,0,0,0,5,0,5,0,0,0
2416.1894,145.9359,0.6423,2416.1895,0,350,4,3,3,0,3,3,1,-999,-999.0,0,[],0,[],2.8481000000001586,0,0,0,0,0,5,0,0,0,0,0,0,5,0,4,0,0,0,0,0,0,0,0,0,4,0,0,0,0,5,0,5,0,0,0
2419.0375,174.0909,0.6807,2419.0376,0,351,1,1,2,0,3,3,1,-999,-999.0,0,[],0,[],2.098399999999856,0,3,3,4,3,0,0,0,0,3,0,0,0,0,0,3,0,0,0,0,4,0,0,0,0,0,3,0,0,0,0,0,5,0,0
2421.1361,101.2563,0.1452,2421.136,0,352,4,2,2,0,3,3,1,-999,-999.0,0,[],0,[],1.6489000000001397,0,0,0,0,0,0,0,0,3,0,0,0,0,0,0,0,0,0,0,0,0,0,0,0,0,4,0,0,0,0,0,0,0,0,0
2422.785,163.458,0.5173,2422.7849,0,353,1,2,2,0,3,3,1,-999,-999.0,0,[],0,[],1.0492999999996755,0,3,3,5,0,0,0,0,0,3,0,0,0,0,0,4,0,0,0,0,0,5,0,0,0,0,3,0,0,0,0,0,5,0,0
2423.8343,96.5659,0.1686,2423.8342,0,354,4,2,2,0,3,3,1,-999,-999.0,0,[],0,[],1.6489999999998872,0,0,0,0,0,0,0,0,3,0,0,0,0,0,0,0,0,0,0,0,0,0,0,0,0,4,0,0,0,0,0,0,0,0,0
2425.4832,122.3577,0.2874,2425.4832,0,355,1,2,2,0,3,3,1,-999,-999.0,0,[],0,[],1.0493000000001302,0,3,3,5,0,0,0,0,0,3,0,0,0,0,0,4,0,0,0,0,0,5,0,0,0,0,3,0,0,0,0,0,5,0,0
2426.5325,109.052,0.1339,2426.5325,0,356,2,2,2,0,2,3,1,-999,-999.0,0,[],0,[],1.499000000000251,0,0,0,5,0,0,0,0,0,0,0,0,0,0,0,4,0,0,0,0,0,5,0,0,0,0,0,0,0,0,0,0,5,0,0
2428.0315,110.7741,0.1681,2428.0315,0,357,1,2,2,0,2,3,1,-999,-999.0,0,[],0,[],1.7988000000000284,0,3,3,5,0,0,0,0,0,3,0,0,0,0,0,4,0,0,0,0,0,5,0,0,0,0,3,0,0,0,0,0,5,0,0
2429.8303,139.3326,0.3514,2429.8303,0,358,1,2,2,0,2,3,1,-999,-999.0,0,[],0,[],1.199200000000019,0,3,3,5,0,0,0,0,0,3,0,0,0,0,0,4,0,0,0,0,0,5,0,0,0,0,3,0,0,0,0,0,5,0,0
2431.0295,91.9173,0.1564,2431.0295,0,359,4,2,3,0,2,3,1,-999,-999.0,0,[],0,[],1.0493999999998778,0,0,0,0,0,0,0,0,3,0,0,0,0,0,0,0,0,0,0,0,0,0,0,0,0,4,0,0,0,0,0,0,0,0,0
2432.0788,175.6907,0.7528,2432.0789,0,360,5,4,3,0,3,3,1,-999,-999.0,0,[],0,[],2.9980000000000473,0,0,0,0,0,5,0,0,0,0,0,0,5,0,0,0,0,5,0,0,0,0,0,4,4,0,0,0,0,5,0,0,0,0,5
2435.0768,120.0641,0.2091,2435.0769,0,361,1,1,2,0,3,3,1,-999,-999.0,0,[],0,[],1.6486999999997352,0,3,3,4,5,0,0,0,0,3,0,0,0,0,0,4,0,0,0,0,5,0,0,0,0,0,3,0,0,0,0,0,5,0,0
2436.7257,97.3554,0.0866,2436.7256,0,362,2,1,1,0,2,3,1,-999,-999.0,1,[365],0,[],1.499000000000251,0,3,0,4,5,0,0,0,0,0,2,0,0,0,0,4,0,0,0,0,5,0,0,0,0,0,0,4,0,0,0,0,5,0,0
2438.2247,97.094,0.0831,2438.2246,0,363,4,2,2,0,2,3,1,-999,-999.0,0,[],0,[],1.948699999999917,0,0,0,0,0,0,0,0,3,0,0,0,0,0,0,0,0,0,0,0,0,0,0,0,0,4,0,0,0,0,0,0,0,0,0
2440.1734,173.3981,0.7742,2440.1733,0,364,1,2,3,0,3,3,1,-999,-999.0,0,[],0,[],2.098700000000008,0,3,3,5,0,0,0,0,0,3,0,0,0,0,0,3,0,0,0,0,0,4,0,0,0,0,3,0,0,0,0,0,5,0,0
2442.272,95.9251,0.0847,2442.272,0,365,2,1,1,0,2,3,1,-999,-999.0,1,[362],0,[],1.4989999999997963,0,3,0,4,5,0,0,0,0,0,2,0,0,0,0,4,0,0,0,0,5,0,0,0,0,0,0,4,0,0,0,0,5,0,0
2443.771,96.7281,0.067,2443.771,0,366,4,3,2,0,2,3,1,-999,-999.0,0,[],0,[],2.0986000000002605,0,0,0,0,0,5,0,0,0,0,0,0,5,0,4,0,0,0,0,0,0,0,0,0,4,0,0,0,0,5,0,5,0,0,0
2445.8696,160.8422,0.5688,2445.8696,0,367,4,3,3,0,2,3,1,-999,-999.0,0,[],0,[],1.0492999999996755,0,0,0,0,0,5,0,0,0,0,0,0,5,0,4,0,0,0,0,0,0,0,0,0,4,0,0,0,0,5,0,5,0,0,0
2446.9189,169.6846,0.6795,2446.9189,0,368,1,3,3,0,2,3,1,-999,-999.0,1,[380],0,[],1.9488000000001193,0,0,0,0,0,5,0,0,0,0,0,0,5,0,4,0,0,0,0,0,0,0,5,0,4,0,0,0,0,5,0,5,0,0,0
2448.8676,153.2462,0.4278,2448.8677,0,369,5,4,3,0,2,3,1,-999,-999.0,0,[],0,[],2.0986000000002605,0,0,0,0,0,5,0,0,0,0,0,0,5,0,0,0,0,5,0,0,0,0,0,4,4,0,0,0,0,5,0,0,0,0,5
2450.9662,160.0122,0.7123,2450.9663,0,370,5,4,4,0,2,3,1,-999,-999.0,0,[],0,[],2.9977999999996428,0,0,0,0,0,5,0,0,0,0,0,0,5,0,0,0,0,5,0,0,0,0,0,4,4,0,0,0,0,5,0,0,0,0,5
2453.9642,179.3888,0.8432,2453.9641,0,371,5,4,4,0,2,3,1,-999,-999.0,0,[],0,[],1.0493000000001302,0,0,0,0,0,5,0,0,0,0,0,0,5,0,0,0,0,5,0,0,0,0,0,4,4,0,0,0,0,5,0,0,0,0,5
2455.0135,173.2179,0.7463,2455.0134,0,372,5,4,4,0,2,3,1,-999,-999.0,0,[],0,[],1.0493000000001302,0,0,0,0,0,5,0,0,0,0,0,0,5,0,0,0,0,5,0,0,0,0,0,4,4,0,0,0,0,5,0,0,0,0,5
2456.0628,183.52599999999998,0.8952,2456.0627,0,373,5,4,4,0,1,3,1,-999,-999.0,0,[],0,[],1.4990999999999985,0,0,0,0,0,5,0,0,0,0,0,0,5,0,0,0,0,5,0,0,0,0,0,4,4,0,0,0,0,5,0,0,0,0,5
2457.5618,168.8073,0.6806,2457.5618,0,374,4,3,4,0,1,3,1,-999,-999.0,0,[],0,[],1.3490999999999076,0,0,0,0,0,5,0,0,0,0,0,0,5,0,4,0,0,0,0,0,0,0,0,0,4,0,0,0,0,5,0,5,0,0,0
2458.9109,186.0044,0.8516,2458.9109,0,375,5,4,4,0,1,3,1,-999,-999.0,0,[],0,[],2.9980000000000473,0,0,0,0,0,5,0,0,0,0,0,0,5,0,0,0,0,5,0,0,0,0,0,4,4,0,0,0,0,5,0,0,0,0,5
2461.9089,174.8041,0.823,2461.9089,0,376,5,4,4,0,3,3,1,-999,-999.0,0,[],0,[],2.098700000000008,0,0,0,0,0,5,0,0,0,0,0,0,5,0,0,0,0,5,0,0,0,0,0,4,4,0,0,0,0,5,0,0,0,0,5
2464.0075,177.3855,0.9001,2464.0076,0,377,5,4,4,0,3,3,1,-999,-999.0,0,[],0,[],1.948699999999917,0,0,0,0,0,5,0,0,0,0,0,0,5,0,0,0,0,5,0,0,0,0,0,4,4,0,0,0,0,5,0,0,0,0,5
2465.9562,180.6413,0.9381,2465.9563,0,378,1,3,3,0,3,3,1,-999,-999.0,0,[],0,[],2.5480999999999767,0,0,0,0,0,5,0,0,0,0,0,0,5,0,4,0,0,0,0,0,0,0,5,0,4,0,0,0,0,5,0,5,0,0,0
2468.5045,147.5685,0.595,2468.5044,0,379,4,3,3,0,2,3,1,-999,-999.0,0,[],0,[],1.499000000000251,0,0,0,0,0,5,0,0,0,0,0,0,5,0,4,0,0,0,0,0,0,0,0,0,4,0,0,0,0,5,0,5,0,0,0
2470.0035,169.6219,0.7446,2470.0034,0,380,1,3,3,0,2,3,1,-999,-999.0,1,[368],0,[],2.2485999999998967,0,0,0,0,0,5,0,0,0,0,0,0,5,0,4,0,0,0,0,0,0,0,5,0,4,0,0,0,0,5,0,5,0,0,0
2472.252,147.5372,0.4502,2472.252,0,381,4,3,4,0,2,3,1,-999,-999.0,0,[],0,[],2.8481000000001586,0,0,0,0,0,5,0,0,0,0,0,0,5,0,4,0,0,0,0,0,0,0,0,0,4,0,0,0,0,5,0,5,0,0,0
2475.1001,179.9759,0.8245,2475.1001,0,382,5,4,4,0,2,3,1,-999,-999.0,0,[],0,[],2.848099999999704,0,0,0,0,0,5,0,0,0,0,0,0,5,0,0,0,0,5,0,0,0,0,0,4,4,0,0,0,0,5,0,0,0,0,5
2477.9482,186.4067,0.9805,2477.9482,0,383,5,4,4,0,3,3,1,-999,-999.0,0,[],0,[],1.4990999999999985,0,0,0,0,0,5,0,0,0,0,0,0,5,0,0,0,0,5,0,0,0,0,0,4,4,0,0,0,0,5,0,0,0,0,5
2479.4472,170.9862,0.7704,2479.4473,0,384,1,3,3,0,3,3,1,-999,-999.0,0,[],0,[],1.499000000000251,0,0,0,0,0,5,0,0,0,0,0,0,5,0,4,0,0,0,0,0,0,0,5,0,4,0,0,0,0,5,0,5,0,0,0
2480.9462,146.863,0.4779,2480.9463,0,385,4,3,3,0,3,3,1,-999,-999.0,0,[],0,[],2.2484999999996944,0,0,0,0,0,5,0,0,0,0,0,0,5,0,4,0,0,0,0,0,0,0,0,0,4,0,0,0,0,5,0,5,0,0,0
2483.1947,160.5031,0.5573,2483.1946,0,386,5,4,4,0,3,3,1,-999,-999.0,0,[],0,[],1.9484999999999673,0,0,0,0,0,5,0,0,0,0,0,0,5,0,0,0,0,5,0,0,0,0,0,4,4,0,0,0,0,5,0,0,0,0,5
2485.1434,149.3808,0.6961,2485.1433,0,387,4,3,3,0,3,3,1,-999,-999.0,0,[],0,[],1.499000000000251,0,0,0,0,0,5,0,0,0,0,0,0,5,0,4,0,0,0,0,0,0,0,0,0,4,0,0,0,0,5,0,5,0,0,0
2486.6424,154.6045,0.5388,2486.6423,0,388,1,3,3,0,2,3,1,-999,-999.0,1,[409],0,[],1.3492000000001099,0,0,0,0,0,5,0,0,0,0,0,0,5,0,4,0,0,0,0,0,0,0,5,0,4,0,0,0,0,5,0,5,0,0,0
2487.9915,150.0534,0.5404,2487.9915,0,389,5,4,4,0,2,3,1,-999,-999.0,0,[],0,[],2.9979999999995925,0,0,0,0,0,5,0,0,0,0,0,0,5,0,0,0,0,5,0,0,0,0,0,4,4,0,0,0,0,5,0,0,0,0,5
2490.9895,190.0367,0.986,2490.9895,0,390,5,4,4,0,3,3,1,-999,-999.0,0,[],0,[],1.3491000000003623,0,0,0,0,0,5,0,0,0,0,0,0,5,0,0,0,0,5,0,0,0,0,0,4,4,0,0,0,0,5,0,0,0,0,5
2492.3386,162.734,0.5943,2492.3386,0,391,4,3,4,0,3,3,1,-999,-999.0,0,[],0,[],1.0492999999996755,0,0,0,0,0,5,0,0,0,0,0,0,5,0,4,0,0,0,0,0,0,0,0,0,4,0,0,0,0,5,0,5,0,0,0
2493.3879,179.5678,0.843,2493.3879,0,392,1,3,3,0,3,3,1,-999,-999.0,0,[],0,[],4.04740000000038,0,0,0,0,0,5,0,0,0,0,0,0,5,0,4,0,0,0,0,0,0,0,5,0,4,0,0,0,0,5,0,5,0,0,0
2497.4352,170.3071,0.7077,2497.4353,0,393,1,3,3,0,2,3,1,-999,-999.0,0,[],0,[],1.9484999999999673,0,0,0,0,0,5,0,0,0,0,0,0,5,0,4,0,0,0,0,0,0,0,5,0,4,0,0,0,0,5,0,5,0,0,0
2499.3839,160.5252,0.6466,2499.3838,0,394,2,3,3,0,3,3,1,-999,-999.0,0,[],0,[],2.5482999999999265,0,0,0,0,0,5,0,0,0,0,0,0,5,0,4,0,0,0,0,0,0,0,5,0,4,0,0,0,0,5,0,5,0,0,0
2501.9322,165.265,0.6161,2501.9321,0,395,1,2,2,0,3,3,1,-999,-999.0,0,[],0,[],3.4477999999999156,0,6,6,4,0,0,0,0,0,6,0,0,0,0,0,3,0,0,0,0,0,4,0,0,0,0,6,0,0,0,0,0,4,0,0
2505.3799,84.2379,0.0649,2505.3799,0,396,4,2,2,0,2,3,1,-999,-999.0,0,[],0,[],2.9980000000000473,0,0,0,0,0,0,0,0,3,0,0,0,0,0,0,0,0,0,0,0,0,0,0,0,0,4,0,0,0,0,0,0,0,0,0
2508.3779,116.1363,0.2264,2508.3779,0,397,4,2,2,0,2,3,1,-999,-999.0,0,[],0,[],1.3490999999999076,0,0,0,0,0,0,0,0,3,0,0,0,0,0,0,0,0,0,0,0,0,0,0,0,0,4,0,0,0,0,0,0,0,0,0
2509.7270000000003,120.1499,0.2595,2509.7271,0,398,4,3,3,0,2,3,1,-999,-999.0,0,[],0,[],2.6983000000000175,0,0,0,0,0,5,0,0,0,0,0,0,5,0,4,0,0,0,0,0,0,0,0,0,4,0,0,0,0,5,0,5,0,0,0
2512.4252,156.3418,0.5002,2512.4253,0,399,1,2,2,0,2,3,1,-999,-999.0,0,[],0,[],1.3490999999999076,0,3,3,5,0,0,0,0,0,3,0,0,0,0,0,4,0,0,0,0,0,5,0,0,0,0,3,0,0,0,0,0,5,0,0
2513.7743,130.8093,0.3452,2513.7744,0,400,4,3,3,0,2,3,1,-999,-999.0,0,[],0,[],2.398200000000088,0,0,0,0,0,5,0,0,0,0,0,0,5,0,4,0,0,0,0,0,0,0,0,0,4,0,0,0,0,5,0,5,0,0,0
2516.1727,171.5492,0.767,2516.1726,0,401,1,3,3,0,2,3,1,-999,-999.0,0,[],0,[],1.0493000000001302,0,0,0,0,0,5,0,0,0,0,0,0,5,0,4,0,0,0,0,0,0,0,5,0,4,0,0,0,0,5,0,5,0,0,0
2517.222,152.3408,0.5332,2517.2219,0,402,4,3,3,0,3,3,1,-999,-999.0,0,[],0,[],1.4989999999997963,0,0,0,0,0,5,0,0,0,0,0,0,5,0,4,0,0,0,0,0,0,0,0,0,4,0,0,0,0,5,0,5,0,0,0
2518.721,169.5457,0.6875,2518.7209,0,403,1,2,2,0,3,3,1,-999,-999.0,0,[],0,[],2.9981000000002496,0,3,3,5,0,0,0,0,0,3,0,0,0,0,0,3,0,0,0,0,0,4,0,0,0,0,3,0,0,0,0,0,5,0,0
2521.719,110.5137,0.1734,2521.719,0,404,4,3,3,0,2,3,1,-999,-999.0,0,[],0,[],2.5482999999999265,0,0,0,0,0,5,0,0,0,0,0,0,5,0,4,0,0,0,0,0,0,0,0,0,4,0,0,0,0,5,0,5,0,0,0
2524.2673,153.6359,0.6469,2524.2673,0,405,1,3,3,0,3,3,1,-999,-999.0,0,[],0,[],1.9488000000001193,0,0,0,0,0,5,0,0,0,0,0,0,5,0,4,0,0,0,0,0,0,0,5,0,4,0,0,0,0,5,0,5,0,0,0
2526.216,127.4959,0.2827,2526.2161,0,406,4,2,2,0,3,3,1,-999,-999.0,0,[],0,[],1.4989999999997963,0,0,0,0,0,0,0,0,3,0,0,0,0,0,0,0,0,0,0,0,0,0,0,0,0,4,0,0,0,0,0,0,0,0,0
2527.715,142.8247,0.3299,2527.7151,0,407,1,2,2,0,3,3,1,-999,-999.0,0,[],0,[],3.147699999999986,0,6,6,4,0,0,0,0,0,6,0,0,0,0,0,3,0,0,0,0,0,4,0,0,0,0,6,0,0,0,0,0,4,0,0
2530.8629,82.3585,0.0654,2530.8628,0,408,4,3,3,0,2,3,1,-999,-999.0,0,[],0,[],1.3490999999999076,0,0,0,0,0,5,0,0,0,0,0,0,5,0,4,0,0,0,0,0,0,0,0,0,4,0,0,0,0,5,0,5,0,0,0
2532.212,155.9897,0.6355,2532.2119,0,409,1,3,3,0,2,3,1,-999,-999.0,2,"[418, 388]",0,[],1.6489000000001397,0,0,0,0,0,5,0,0,0,0,0,0,5,0,4,0,0,0,0,0,0,0,5,0,4,0,0,0,0,5,0,5,0,0,0
2533.8609,143.4989,0.512,2533.8608,0,410,4,3,3,0,2,3,1,-999,-999.0,0,[],0,[],1.0493999999998778,0,0,0,0,0,5,0,0,0,0,0,0,5,0,4,0,0,0,0,0,0,0,0,0,4,0,0,0,0,5,0,5,0,0,0
2534.9102,183.2858,0.9148,2534.9102,0,411,1,3,3,0,3,3,1,-999,-999.0,0,[],0,[],2.69820000000027,0,0,0,0,0,5,0,0,0,0,0,0,5,0,4,0,0,0,0,0,0,0,5,0,4,0,0,0,0,5,0,5,0,0,0
2537.6084,142.1345,0.4859,2537.6084,0,412,1,3,3,0,3,3,1,-999,-999.0,1,[426],0,[],2.0985999999998057,0,0,0,0,0,5,0,0,0,0,0,0,5,0,4,0,0,0,0,0,0,0,5,0,4,0,0,0,0,5,0,5,0,0,0
2539.7070000000003,128.5745,0.2959,2539.7070000000003,0,413,4,3,3,0,3,3,1,-999,-999.0,0,[],0,[],1.7989000000002306,0,0,0,0,0,5,0,0,0,0,0,0,5,0,4,0,0,0,0,0,0,0,0,0,4,0,0,0,0,5,0,5,0,0,0
2541.5058,167.0506,0.7507,2541.5059,0,414,1,3,3,0,3,3,1,-999,-999.0,0,[],0,[],1.4989999999997963,0,0,0,0,0,5,0,0,0,0,0,0,5,0,4,0,0,0,0,0,0,0,5,0,4,0,0,0,0,5,0,5,0,0,0
2543.0048,152.3931,0.44799999999999995,2543.0049,0,415,1,3,2,0,3,3,1,-999,-999.0,0,[],0,[],1.7988000000000284,0,0,0,0,0,5,0,0,0,0,0,0,5,0,4,0,0,0,0,0,0,0,5,0,4,0,0,0,0,5,0,5,0,0,0
2544.8036,136.834,0.3904,2544.8037,0,416,4,3,3,0,2,3,1,-999,-999.0,0,[],0,[],4.346900000000005,0,0,0,0,0,5,0,0,0,0,0,0,5,0,4,0,0,0,0,0,0,0,0,0,4,0,0,0,0,5,0,5,0,0,0
2549.1507,175.9324,0.7123,2549.1506,0,417,1,3,3,0,1,3,1,-999,-999.0,0,[],0,[],2.6983000000000175,0,0,0,0,0,5,0,0,0,0,0,0,5,0,4,0,0,0,0,0,0,0,5,0,4,0,0,0,0,5,0,5,0,0,0
2551.8489,164.3829,0.8096,2551.8489,0,418,1,3,3,0,1,3,1,-999,-999.0,2,"[435, 409]",0,[],1.948699999999917,0,0,0,0,0,5,0,0,0,0,0,0,5,0,4,0,0,0,0,0,0,0,5,0,4,0,0,0,0,5,0,5,0,0,0
2553.7976,141.8791,0.5401,2553.7976,0,419,4,3,3,0,1,3,1,-999,-999.0,1,[429],0,[],1.948699999999917,0,0,0,0,0,5,0,0,0,0,0,0,5,0,4,0,0,0,0,0,0,0,0,0,4,0,0,0,0,5,0,5,0,0,0
2555.7463,163.3674,0.6756,2555.7463,0,420,1,3,3,0,1,3,1,-999,-999.0,0,[],0,[],2.39850000000024,0,0,0,0,0,5,0,0,0,0,0,0,5,0,4,0,0,0,0,0,0,0,5,0,4,0,0,0,0,5,0,5,0,0,0
2558.1447,162.2688,0.6899,2558.1448,0,421,1,3,3,0,3,3,1,-999,-999.0,0,[],0,[],3.147699999999986,0,0,0,0,0,5,0,0,0,0,0,0,5,0,4,0,0,0,0,0,0,0,5,0,4,0,0,0,0,5,0,5,0,0,0
2561.2926,158.2208,0.7121,2561.2925,0,422,1,3,3,0,3,3,1,-999,-999.0,0,[],0,[],1.648899999999685,0,0,0,0,0,5,0,0,0,0,0,0,5,0,4,0,0,0,0,0,0,0,5,0,4,0,0,0,0,5,0,5,0,0,0
2562.9415,137.2936,0.578,2562.9414,0,423,2,3,3,0,3,3,1,-999,-999.0,1,[425],0,[],1.6489000000001397,0,0,0,0,0,5,0,0,0,0,0,0,5,0,4,0,0,0,0,0,0,0,5,0,4,0,0,0,0,5,0,5,0,0,0
2564.5904,132.4726,0.585,2564.5903,0,424,4,3,3,0,1,3,1,-999,-999.0,1,[427],0,[],2.548400000000129,0,0,0,0,0,5,0,0,0,0,0,0,5,0,4,0,0,0,0,0,0,0,0,0,4,0,0,0,0,5,0,5,0,0,0
2567.1387,143.8475,0.6221,2567.1387,0,425,2,3,3,0,1,3,1,-999,-999.0,1,[423],0,[],1.4989999999997963,0,0,0,0,0,5,0,0,0,0,0,0,5,0,4,0,0,0,0,0,0,0,5,0,4,0,0,0,0,5,0,5,0,0,0
2568.6377,144.4128,0.5826,2568.6377,0,426,1,3,3,0,1,3,1,-999,-999.0,2,"[428, 412]",0,[],2.8481000000001586,0,0,0,0,0,5,0,0,0,0,0,0,5,0,4,0,0,0,0,0,0,0,5,0,4,0,0,0,0,5,0,5,0,0,0
2571.4858,131.841,0.5579,2571.4858,0,427,4,3,3,0,2,3,1,-999,-999.0,1,[424],0,[],2.6983000000000175,0,0,0,0,0,5,0,0,0,0,0,0,5,0,4,0,0,0,0,0,0,0,0,0,4,0,0,0,0,5,0,5,0,0,0
2574.1839999999997,148.3312,0.5768,2574.1841,0,428,1,3,3,0,2,3,1,-999,-999.0,1,[426],0,[],3.8971999999998843,0,0,0,0,0,5,0,0,0,0,0,0,5,0,4,0,0,0,0,0,0,0,5,0,4,0,0,0,0,5,0,5,0,0,0
2578.0814,137.1338,0.4256,2578.0813,0,429,4,3,3,0,2,3,1,-999,-999.0,1,[419],0,[],2.0986000000002605,0,0,0,0,0,5,0,0,0,0,0,0,5,0,4,0,0,0,0,0,0,0,0,0,4,0,0,0,0,5,0,5,0,0,0
2580.18,154.8976,0.4678,2580.1799,0,430,4,3,3,0,3,3,1,-999,-999.0,0,[],0,[],1.199200000000019,0,0,0,0,0,5,0,0,0,0,0,0,5,0,4,0,0,0,0,0,0,0,0,0,4,0,0,0,0,5,0,5,0,0,0
2581.3792,182.9649,0.7068,2581.3792,0,431,1,3,3,0,3,3,1,-999,-999.0,0,[],0,[],2.098700000000008,0,0,0,0,0,5,0,0,0,0,0,0,5,0,4,0,0,0,0,0,0,0,5,0,4,0,0,0,0,5,0,5,0,0,0
2583.4778,96.7951,0.0693,2583.4778,0,432,4,1,2,0,3,3,1,-999,-999.0,0,[],0,[],1.948699999999917,0,0,0,0,0,0,0,0,0,0,0,0,0,0,0,0,0,0,0,0,0,0,0,0,0,0,0,0,0,0,0,0,0,0,0
2585.4265,122.5088,0.2495,2585.4265,0,433,1,2,2,0,2,3,1,-999,-999.0,0,[],0,[],1.7988000000000284,0,3,3,5,0,0,0,0,0,3,0,0,0,0,0,4,0,0,0,0,0,5,0,0,0,0,3,0,0,0,0,0,5,0,0
2587.2253,90.417,0.0307,2587.2253,0,434,4,1,2,0,2,3,1,-999,-999.0,0,[],0,[],2.098700000000008,3,0,0,0,0,0,5,4,4,0,0,0,0,0,0,0,0,0,5,4,0,0,0,0,0,4,0,0,0,0,0,0,0,0,0
2589.3239,170.3843,0.6116,2589.324,0,435,1,3,3,0,2,3,1,-999,-999.0,2,"[451, 418]",0,[],1.3490999999999076,0,0,0,0,0,5,0,0,0,0,0,0,5,0,4,0,0,0,0,0,0,0,5,0,4,0,0,0,0,5,0,5,0,0,0
2590.673,148.4681,0.4468,2590.6731,0,436,4,3,3,0,2,3,1,-999,-999.0,0,[],0,[],3.147699999999986,0,0,0,0,0,5,0,0,0,0,0,0,5,0,4,0,0,0,0,0,0,0,0,0,4,0,0,0,0,5,0,5,0,0,0
2593.8209,191.7398,0.8415,2593.8208,0,437,1,2,3,0,3,3,1,-999,-999.0,0,[],0,[],3.4477999999999156,0,6,6,4,0,0,0,0,0,6,0,0,0,0,0,3,0,0,0,0,0,4,0,0,0,0,6,0,0,0,0,0,4,0,0
2597.2686,100.2321,0.0946,2597.2686,0,438,4,2,2,0,2,3,1,-999,-999.0,0,[],0,[],1.0492999999996755,0,0,0,0,0,0,0,0,3,0,0,0,0,0,0,0,0,0,0,0,0,0,0,0,0,4,0,0,0,0,0,0,0,0,0
2598.3179,172.2336,0.7182,2598.3179,0,439,1,2,3,0,2,3,1,-999,-999.0,0,[],0,[],1.0493000000001302,0,3,3,5,0,0,0,0,0,3,0,0,0,0,0,4,0,0,0,0,0,5,0,0,0,0,3,0,0,0,0,0,5,0,0
2599.3672,156.3801,0.4085,2599.3672,0,440,4,3,3,0,2,3,1,-999,-999.0,0,[],0,[],2.398400000000038,0,0,0,0,0,5,0,0,0,0,0,0,5,0,4,0,0,0,0,0,0,0,0,0,4,0,0,0,0,5,0,5,0,0,0
2601.7656,165.2312,0.6004,2601.7656,0,441,4,3,3,0,3,3,1,-999,-999.0,1,[464],0,[],2.39850000000024,0,0,0,0,0,5,0,0,0,0,0,0,5,0,4,0,0,0,0,0,0,0,0,0,4,0,0,0,0,5,0,5,0,0,0
2604.1639999999998,179.8426,0.7359,2604.1641,0,442,5,4,3,0,3,3,1,-999,-999.0,0,[],0,[],1.6489000000001397,0,0,0,0,0,5,0,0,0,0,0,0,5,0,0,0,0,5,0,0,0,0,0,4,4,0,0,0,0,5,0,0,0,0,5
2605.8129,116.0924,0.2615,2605.813,0,443,4,3,3,0,2,3,1,-999,-999.0,0,[],0,[],1.4989999999997963,0,0,0,0,0,5,0,0,0,0,0,0,5,0,4,0,0,0,0,0,0,0,0,0,4,0,0,0,0,5,0,5,0,0,0
2607.3119,157.5324,0.4452,2607.312,0,444,4,2,3,0,2,3,1,-999,-999.0,0,[],0,[],1.9484999999999673,0,0,0,0,0,0,0,0,3,0,0,0,0,0,0,0,0,0,0,0,0,0,0,0,0,4,0,0,0,0,0,0,0,0,0
2609.2606,195.8095,0.8717,2609.2605,0,445,1,3,3,0,3,3,1,-999,-999.0,0,[],0,[],3.147899999999936,0,0,0,0,0,5,0,0,0,0,0,0,5,0,4,0,0,0,0,0,0,0,5,0,4,0,0,0,0,5,0,5,0,0,0
2612.4085,156.6234,0.5883,2612.4084,0,446,4,3,3,0,3,3,1,-999,-999.0,0,[],0,[],1.4990999999999985,0,0,0,0,0,5,0,0,0,0,0,0,5,0,4,0,0,0,0,0,0,0,0,0,4,0,0,0,0,5,0,5,0,0,0
2613.9075,196.0032,0.7589,2613.9075,0,447,1,3,3,0,3,3,1,-999,-999.0,0,[],0,[],2.248500000000149,0,0,0,0,0,5,0,0,0,0,0,0,5,0,4,0,0,0,0,0,0,0,5,0,4,0,0,0,0,5,0,5,0,0,0
2616.156,152.5864,0.4535,2616.156,0,448,1,3,3,0,3,3,1,-999,-999.0,1,[451],0,[],1.0493000000001302,0,0,0,0,0,5,0,0,0,0,0,0,5,0,4,0,0,0,0,0,0,0,5,0,4,0,0,0,0,5,0,5,0,0,0
2617.2053,148.465,0.4672,2617.2053,0,449,4,3,3,0,2,3,1,-999,-999.0,0,[],0,[],1.199200000000019,0,0,0,0,0,5,0,0,0,0,0,0,5,0,4,0,0,0,0,0,0,0,0,0,4,0,0,0,0,5,0,5,0,0,0
2618.4045,170.6516,0.6968,2618.4045,0,450,1,2,3,0,2,3,1,-999,-999.0,0,[],0,[],1.798899999999776,0,3,3,5,0,0,0,0,0,3,0,0,0,0,0,4,0,0,0,0,0,5,0,0,0,0,3,0,0,0,0,0,5,0,0
2620.2033,160.2563,0.4395,2620.2034,0,451,1,3,3,0,2,3,1,-999,-999.0,2,"[435, 448]",0,[],1.0493000000001302,0,0,0,0,0,5,0,0,0,0,0,0,5,0,4,0,0,0,0,0,0,0,5,0,4,0,0,0,0,5,0,5,0,0,0
2621.2526,150.5172,0.4244,2621.2527,0,452,4,3,3,0,2,3,1,-999,-999.0,0,[],0,[],1.3490999999999076,0,0,0,0,0,5,0,0,0,0,0,0,5,0,4,0,0,0,0,0,0,0,0,0,4,0,0,0,0,5,0,5,0,0,0
2622.6017,184.8845,0.7298,2622.6018,0,453,1,3,3,0,2,3,1,-999,-999.0,0,[],0,[],1.3488999999999578,0,0,0,0,0,5,0,0,0,0,0,0,5,0,4,0,0,0,0,0,0,0,5,0,4,0,0,0,0,5,0,5,0,0,0
2623.9508,160.971,0.5806,2623.9507,0,454,4,3,3,0,2,3,1,-999,-999.0,0,[],0,[],1.948699999999917,0,0,0,0,0,5,0,0,0,0,0,0,5,0,4,0,0,0,0,0,0,0,0,0,4,0,0,0,0,5,0,5,0,0,0
2625.8995,173.3885,0.5937,2625.8994,0,455,4,3,3,0,2,3,1,-999,-999.0,0,[],0,[],2.398400000000038,0,0,0,0,0,5,0,0,0,0,0,0,5,0,4,0,0,0,0,0,0,0,0,0,4,0,0,0,0,5,0,5,0,0,0
2628.2979,167.687,0.535,2628.2979,0,456,4,3,4,0,2,3,1,-999,-999.0,0,[],0,[],1.3492000000001099,0,0,0,0,0,5,0,0,0,0,0,0,5,0,4,0,0,0,0,0,0,0,0,0,4,0,0,0,0,5,0,5,0,0,0
2629.647,199.1199,0.9376,2629.647,0,457,1,3,4,0,2,3,1,-999,-999.0,0,[],0,[],1.0493000000001302,0,0,0,0,0,5,0,0,0,0,0,0,5,0,4,0,0,0,0,0,0,0,5,0,4,0,0,0,0,5,0,5,0,0,0
2630.6963,162.5574,0.5424,2630.6963,0,458,5,4,3,0,2,3,1,-999,-999.0,0,[],0,[],1.648899999999685,0,0,0,0,0,5,0,0,0,0,0,0,5,0,0,0,0,5,0,0,0,0,0,4,4,0,0,0,0,5,0,0,0,0,5
2632.3452,190.8859,0.8124,2632.3452,0,459,5,4,4,0,2,3,1,-999,-999.0,0,[],0,[],1.0493000000001302,0,0,0,0,0,5,0,0,0,0,0,0,5,0,0,0,0,5,0,0,0,0,0,4,4,0,0,0,0,5,0,0,0,0,5
2633.3945,174.517,0.5337,2633.3945,0,460,5,4,4,0,1,3,1,-999,-999.0,0,[],0,[],2.3984999999997854,0,0,0,0,0,5,0,0,0,0,0,0,5,0,0,0,0,5,0,0,0,0,0,4,4,0,0,0,0,5,0,0,0,0,5
2635.7929,193.7792,0.7393,2635.7929999999997,0,461,1,3,3,0,1,3,1,-999,-999.0,0,[],0,[],1.3491000000003623,0,0,0,0,0,5,0,0,0,0,0,0,5,0,4,0,0,0,0,0,0,0,5,0,4,0,0,0,0,5,0,5,0,0,0
2637.1420000000003,151.1277,0.4553,2637.1421,0,462,5,4,4,0,2,3,1,-999,-999.0,0,[],0,[],2.6979999999998654,0,0,0,0,0,5,0,0,0,0,0,0,5,0,0,0,0,5,0,0,0,0,0,4,4,0,0,0,0,5,0,0,0,0,5
2639.8402,217.7667,0.9446,2639.8401,0,463,5,4,4,0,3,3,1,-999,-999.0,0,[],0,[],2.5482999999999265,0,0,0,0,0,5,0,0,0,0,0,0,5,0,0,0,0,5,0,0,0,0,0,4,4,0,0,0,0,5,0,0,0,0,5
2642.3885,159.1828,0.48,2642.3884,0,464,4,3,3,0,3,3,1,-999,-999.0,1,[441],0,[],1.499000000000251,0,0,0,0,0,5,0,0,0,0,0,0,5,0,4,0,0,0,0,0,0,0,0,0,4,0,0,0,0,5,0,5,0,0,0
2643.8875,175.0761,0.5867,2643.8875,0,465,1,1,2,0,3,3,1,-999,-999.0,0,[],0,[],2.098700000000008,0,3,3,4,3,0,0,0,0,3,0,0,0,0,0,3,0,0,0,0,4,0,0,0,0,0,3,0,0,0,0,0,5,0,0
2645.9861,89.4425,0.0394,2645.9861,0,466,4,3,3,0,2,3,1,-999,-999.0,0,[],0,[],3.2977999999998246,0,0,0,0,0,5,0,0,0,0,0,0,5,0,4,0,0,0,0,0,0,0,0,0,4,0,0,0,0,5,0,5,0,0,0
2649.2839,197.2453,0.929,2649.2839,0,467,5,4,4,0,2,3,1,-999,-999.0,0,[],0,[],2.098700000000008,0,0,0,0,0,5,0,0,0,0,0,0,5,0,0,0,0,5,0,0,0,0,0,4,4,0,0,0,0,5,0,0,0,0,5
2651.3825,203.1816,0.8515,2651.3826,0,468,1,3,3,0,3,3,1,-999,-999.0,0,[],0,[],3.7472999999999956,0,0,0,0,0,5,0,0,0,0,0,0,5,0,4,0,0,0,0,0,0,0,5,0,4,0,0,0,0,5,0,5,0,0,0
2655.13,154.18,0.4683,2655.1299,0,469,4,3,3,0,3,3,1,-999,-999.0,0,[],0,[],1.948699999999917,0,0,0,0,0,5,0,0,0,0,0,0,5,0,4,0,0,0,0,0,0,0,0,0,4,0,0,0,0,5,0,5,0,0,0
2657.0787,187.5783,0.6272,2657.0786,0,470,1,3,3,0,3,3,1,-999,-999.0,0,[],0,[],1.3490999999999076,0,0,0,0,0,5,0,0,0,0,0,0,5,0,4,0,0,0,0,0,0,0,5,0,4,0,0,0,0,5,0,5,0,0,0
2658.4278,171.5859,0.7642,2658.4277,0,471,1,2,2,0,3,3,1,-999,-999.0,0,[],0,[],4.497100000000046,0,6,6,4,0,0,0,0,0,6,0,0,0,0,0,2,0,0,0,0,0,3,0,0,0,0,6,0,0,0,0,0,4,0,0
2662.9248,104.8814,0.1665,2662.9248,0,472,4,2,2,0,3,3,1,-999,-999.0,0,[],0,[],1.199200000000019,0,0,0,0,0,0,0,0,3,0,0,0,0,0,0,0,0,0,0,0,0,0,0,0,0,4,0,0,0,0,0,0,0,0,0
2664.1240000000003,146.6388,0.4424,2664.1240000000003,0,473,1,2,2,0,2,3,1,-999,-999.0,0,[],0,[],1.3490999999999076,0,3,3,5,0,0,0,0,0,3,0,0,0,0,0,4,0,0,0,0,0,5,0,0,0,0,3,0,0,0,0,0,5,0,0
2665.4731,110.3585,0.1753,2665.4731,0,474,4,2,2,0,2,3,1,-999,-999.0,0,[],0,[],2.9981000000002496,0,0,0,0,0,0,0,0,3,0,0,0,0,0,0,0,0,0,0,0,0,0,0,0,0,4,0,0,0,0,0,0,0,0,0
2668.4711,172.7165,0.5809,2668.4712,0,475,2,3,3,0,2,3,1,-999,-999.0,0,[],0,[],1.6489000000001397,0,0,0,0,0,5,0,0,0,0,0,0,5,0,4,0,0,0,0,0,0,0,5,0,4,0,0,0,0,5,0,5,0,0,0
2670.12,179.5437,0.5354,2670.1201,0,476,1,2,2,0,3,3,1,-999,-999.0,0,[],0,[],6.445600000000013,0,6,6,4,0,0,0,0,0,6,0,0,0,0,0,0,0,0,0,0,0,0,0,0,0,0,6,0,0,0,0,0,4,0,0
2676.5657,96.1255,0.1097,2676.5657,0,477,2,2,2,0,3,3,1,-999,-999.0,0,[],0,[],2.398399999999583,0,0,0,5,0,0,0,0,0,0,0,0,0,0,0,3,0,0,0,0,0,4,0,0,0,0,0,0,0,0,0,0,5,0,0
2678.9641,101.4808,0.1522,2678.9641,0,478,1,2,2,0,2,3,1,-999,-999.0,0,[],0,[],1.7988000000000284,0,3,3,5,0,0,0,0,0,3,0,0,0,0,0,4,0,0,0,0,0,5,0,0,0,0,3,0,0,0,0,0,5,0,0
2680.7629,92.5971,0.1039,2680.7629,0,479,4,2,3,0,2,3,1,-999,-999.0,0,[],0,[],4.946800000000167,0,0,0,0,0,0,0,0,4,0,0,0,0,0,0,0,0,0,0,0,0,0,0,0,0,5,0,0,0,0,0,0,0,0,0
2685.7096,192.0303,0.7898,2685.7097,0,480,1,2,2,0,3,3,1,-999,-999.0,0,[],0,[],3.597400000000107,0,6,6,4,0,0,0,0,0,6,0,0,0,0,0,3,0,0,0,0,0,4,0,0,0,0,6,0,0,0,0,0,4,0,0
2689.3072,109.4692,0.1505,2689.3071,0,481,1,1,2,0,2,3,1,-999,-999.0,0,[],0,[],1.199200000000019,0,3,3,4,5,0,0,0,0,3,0,0,0,0,0,4,0,0,0,0,5,0,0,0,0,0,3,0,0,0,0,0,5,0,0
2690.5064,100.2184,0.1254,2690.5063,0,482,4,2,2,0,2,3,1,-999,-999.0,0,[],0,[],1.1992999999997664,0,0,0,0,0,0,0,0,3,0,0,0,0,0,0,0,0,0,0,0,0,0,0,0,0,4,0,0,0,0,0,0,0,0,0
2691.7056,161.4985,0.4843,2691.7056,0,483,1,2,2,0,2,3,1,-999,-999.0,0,[],0,[],2.0986000000002605,0,3,3,5,0,0,0,0,0,3,0,0,0,0,0,3,0,0,0,0,0,4,0,0,0,0,3,0,0,0,0,0,5,0,0
2693.8042,96.6728,0.0694,2693.8042,0,484,4,2,3,0,2,3,1,-999,-999.0,0,[],0,[],1.0492999999996755,0,0,0,0,0,0,0,0,3,0,0,0,0,0,0,0,0,0,0,0,0,0,0,0,0,4,0,0,0,0,0,0,0,0,0
2694.8535,170.8117,0.679,2694.8535,0,485,1,3,3,0,2,3,1,-999,-999.0,0,[],0,[],1.7988000000000284,0,0,0,0,0,5,0,0,0,0,0,0,5,0,4,0,0,0,0,0,0,0,5,0,4,0,0,0,0,5,0,5,0,0,0
2696.6523,95.9767,0.3144,2696.6523,0,486,5,4,4,0,2,3,1,-999,-999.0,0,[],0,[],1.1993000000002212,0,0,0,0,0,5,0,0,0,0,0,0,5,0,0,0,0,5,0,0,0,0,0,4,4,0,0,0,0,5,0,0,0,0,5
2697.8515,206.5999,1.0,2697.8516,0,487,1,3,3,0,3,3,1,-999,-999.0,0,[],0,[],1.6489000000001397,0,0,0,0,0,5,0,0,0,0,0,0,5,0,4,0,0,0,0,0,0,0,5,0,4,0,0,0,0,5,0,5,0,0,0
2699.5004,126.4027,0.5638,2699.5005,0,488,4,3,3,0,3,3,1,-999,-999.0,0,[],0,[],2.6979999999998654,0,0,0,0,0,5,0,0,0,0,0,0,5,0,4,0,0,0,0,0,0,0,0,0,4,0,0,0,0,5,0,5,0,0,0
2702.1986,160.6121,0.7269,2702.1985,0,489,1,3,3,0,3,3,1,-999,-999.0,0,[],0,[],2.0985999999998057,0,0,0,0,0,5,0,0,0,0,0,0,5,0,4,0,0,0,0,0,0,0,5,0,4,0,0,0,0,5,0,5,0,0,0
2704.2972,132.9591,0.4487,2704.2971,0,490,1,2,2,0,3,3,1,-999,-999.0,0,[],0,[],2.0986000000002605,0,3,3,5,0,0,0,0,0,3,0,0,0,0,0,3,0,0,0,0,0,4,0,0,0,0,3,0,0,0,0,0,5,0,0
2706.3958,78.199,0.1317,2706.3958,0,491,1,2,2,0,3,3,1,-999,-999.0,0,[],0,[],2.548399999999674,0,3,3,5,0,0,0,0,0,3,0,0,0,0,0,3,0,0,0,0,0,4,0,0,0,0,3,0,0,0,0,0,5,0,0
2708.9441,68.0746,0.0783,2708.9441,0,492,4,2,2,0,2,3,1,-999,-999.0,0,[],0,[],2.248500000000149,0,0,0,0,0,0,0,0,3,0,0,0,0,0,0,0,0,0,0,0,0,0,0,0,0,4,0,0,0,0,0,0,0,0,0
